time,open,high,low,close,volume,ticker
2018-01-02,986.05,996.18,984.34,995.77,173125200,VNINDEX
2018-01-03,999.86,1010.21,998.41,1005.67,212755680,VNINDEX
2018-01-04,1009.37,1019.75,1009.0,1019.75,235427392,VNINDEX
2018-01-05,1020.34,1020.6,1010.65,1012.65,267882448,VNINDEX
2018-01-08,1011.36,1022.9,1004.89,1022.9,236387888,VNINDEX
2018-01-09,1027.14,1033.56,1017.86,1033.56,290482976,VNINDEX
2018-01-10,1034.64,1045.63,1033.01,1038.11,341600992,VNINDEX
2018-01-11,1037.03,1049.73,1031.13,1048.17,288550688,VNINDEX
2018-01-12,1050.17,1057.88,1046.38,1050.11,320836064,VNINDEX
2018-01-15,1049.91,1063.47,1043.15,1063.47,256567312,VNINDEX
2018-01-16,1059.36,1065.39,1052.43,1062.96,294792512,VNINDEX
2018-01-17,1061.98,1064.77,1034.69,1034.69,294301600,VNINDEX
2018-01-18,1028.76,1050.25,1020.01,1050.25,256859552,VNINDEX
2018-01-19,1054.33,1067.21,1053.37,1062.07,279706016,VNINDEX
2018-01-22,1066.86,1088.05,1066.61,1087.42,246215504,VNINDEX
2018-01-25,1098.44,1117.08,1098.44,1104.57,445940480,VNINDEX
2018-01-26,1119.78,1123.83,1103.06,1115.64,261062656,VNINDEX
2018-01-29,1121.78,1130.1,1109.8,1109.8,263321712,VNINDEX
2018-01-30,1099.98,1110.56,1092.44,1110.56,287489728,VNINDEX
2018-01-31,1112.23,1128.1,1104.98,1110.36,312880960,VNINDEX
2018-02-01,1111.74,1111.74,1090.25,1099.67,233072176,VNINDEX
2018-02-02,1098.66,1105.04,1091.06,1105.04,172601920,VNINDEX
2018-02-05,1089.62,1090.88,1048.71,1048.71,248154720,VNINDEX
2018-02-06,1026.08,1026.08,983.06,1011.6,364437536,VNINDEX
2018-02-07,1040.53,1048.54,1034.13,1040.55,208749264,VNINDEX
2018-02-08,1031.46,1039.61,1023.25,1023.25,161025056,VNINDEX
2018-02-09,991.09,1003.94,973.78,1003.94,199516816,VNINDEX
2018-02-12,1011.64,1041.79,1011.64,1041.79,162098576,VNINDEX
2018-02-13,1053.31,1060.48,1052.86,1059.73,157958688,VNINDEX
2018-02-21,1073.33,1092.65,1070.43,1087.15,165043216,VNINDEX
2018-02-22,1080.77,1091.62,1074.27,1076.03,185011632,VNINDEX
2018-02-23,1086.81,1102.85,1081.31,1102.85,177049328,VNINDEX
2018-02-26,1115.9,1127.57,1114.06,1114.53,221574608,VNINDEX
2018-02-27,1124.03,1124.03,1106.77,1119.61,175305264,VNINDEX
2018-02-28,1110.3,1129.89,1109.89,1121.54,213347392,VNINDEX
2018-03-01,1118.13,1129.3,1110.92,1115.79,207156256,VNINDEX
2018-03-02,1103.16,1121.91,1103.16,1121.21,188043280,VNINDEX
2018-03-05,1129.92,1132.69,1093.48,1093.48,252795984,VNINDEX
2018-03-06,1093.48,1120.29,1091.67,1120.29,210241824,VNINDEX
2018-03-07,1121.99,1126.67,1103.29,1112.26,239942048,VNINDEX
2018-03-08,1112.24,1126.35,1111.76,1124.15,186579760,VNINDEX
2018-03-09,1128.73,1135.02,1119.18,1123.41,205512352,VNINDEX
2018-03-12,1135.37,1135.48,1123.98,1126.29,197146784,VNINDEX
2018-03-13,1126.53,1133.31,1118.49,1133.31,208112912,VNINDEX
2018-03-14,1135.99,1142.88,1134.55,1138.09,222436336,VNINDEX
2018-03-15,1134.51,1140.74,1129.66,1138.76,207105856,VNINDEX
2018-03-16,1144.54,1152.52,1140.56,1150.19,260196896,VNINDEX
2018-03-19,1158.16,1165.63,1155.82,1159.22,221555296,VNINDEX
2018-03-20,1154.48,1166.33,1154.48,1159.39,189756080,VNINDEX
2018-03-21,1166.51,1172.31,1163.91,1169.36,212812976,VNINDEX
2018-03-22,1175.22,1180.44,1169.48,1172.36,215497536,VNINDEX
2018-03-23,1154.25,1157.2,1138.53,1153.59,237107536,VNINDEX
2018-03-26,1150.51,1176.95,1150.51,1171.22,175879680,VNINDEX
2018-03-27,1187.42,1187.42,1169.58,1171.73,201305792,VNINDEX
2018-03-28,1168.87,1179.18,1165.71,1172.24,165131520,VNINDEX
2018-03-29,1174.73,1176.45,1164.12,1167.03,150321424,VNINDEX
2018-03-30,1169.29,1175.36,1158.49,1174.46,150318960,VNINDEX
2018-04-02,1180.26,1196.61,1179.73,1196.61,221037536,VNINDEX
2018-04-03,1197.0,1199.93,1185.83,1188.29,217626832,VNINDEX
2018-04-04,1194.26,1200.71,1189.46,1191.54,194006928,VNINDEX
2018-04-05,1197.76,1199.15,1186.75,1193.17,186567264,VNINDEX
2018-04-06,1194.15,1202.59,1194.15,1199.96,217719536,VNINDEX
2018-04-09,1202.44,1207.45,1197.44,1204.33,222920656,VNINDEX
2018-04-10,1207.62,1211.34,1192.22,1198.12,246566640,VNINDEX
2018-04-11,1201.51,1202.46,1167.11,1167.11,245785472,VNINDEX
2018-04-12,1162.48,1173.02,1153.64,1173.02,168958128,VNINDEX
2018-04-13,1178.57,1181.52,1153.93,1157.14,156898432,VNINDEX
2018-04-16,1156.54,1159.45,1141.81,1148.49,138666640,VNINDEX
2018-04-17,1149.02,1156.7,1139.33,1153.28,139854496,VNINDEX
2018-04-18,1157.67,1160.32,1138.42,1138.53,152174144,VNINDEX
2018-04-19,1137.99,1137.99,1094.63,1094.63,183841728,VNINDEX
2018-04-20,1095.84,1119.86,1078.01,1119.86,142780272,VNINDEX
2018-04-23,1124.33,1127.24,1076.78,1076.78,194901680,VNINDEX
2018-04-24,1064.86,1084.89,1048.68,1080.74,166004864,VNINDEX
2018-04-26,1082.52,1082.52,1039.35,1044.86,184919920,VNINDEX
2018-04-27,1037.36,1054.94,1031.89,1050.26,152853920,VNINDEX
2018-05-02,1053.26,1053.52,1024.75,1029.08,151711856,VNINDEX
2018-05-03,1018.47,1027.38,1003.79,1026.46,170959328,VNINDEX
2018-05-04,1032.12,1037.02,1022.1,1026.8,125862192,VNINDEX
2018-05-07,1034.64,1062.26,1028.79,1062.26,122128312,VNINDEX
2018-05-08,1061.12,1072.28,1057.24,1060.45,131146464,VNINDEX
2018-05-09,1058.33,1069.8,1051.79,1056.97,125896536,VNINDEX
2018-05-10,1058.22,1059.34,1025.75,1028.87,143626080,VNINDEX
2018-05-11,1026.34,1044.85,1014.3,1044.85,122737904,VNINDEX
2018-05-14,1051.69,1066.98,1042.31,1066.98,112785904,VNINDEX
2018-05-15,1072.25,1084.2,1071.02,1073.5,125232776,VNINDEX
2018-05-16,1070.34,1072.46,1052.18,1054.62,121268144,VNINDEX
2018-05-17,1055.21,1057.84,1030.64,1030.64,107387048,VNINDEX
2018-05-18,1033.33,1040.84,1013.57,1040.54,118092352,VNINDEX
2018-05-21,1043.82,1043.82,1014.98,1014.98,104031008,VNINDEX
2018-05-22,1006.18,1015.97,976.73,985.91,158542816,VNINDEX
2018-05-23,974.8,995.25,965.92,988.94,126755696,VNINDEX
2018-05-24,992.24,995.82,974.14,985.92,104772832,VNINDEX
2018-05-25,981.47,987.56,963.9,963.9,122933856,VNINDEX
2018-05-28,938.86,951.34,927.47,931.75,191197120,VNINDEX
2018-05-29,925.89,958.96,916.0,952.18,155301296,VNINDEX
2018-05-30,953.41,953.41,932.26,948.5,117512288,VNINDEX
2018-05-31,947.96,975.51,945.29,971.25,140721184,VNINDEX
2018-06-01,973.67,995.06,973.56,992.87,160913600,VNINDEX
2018-06-04,994.48,1013.78,992.01,1013.78,146895440,VNINDEX
2018-06-05,1013.59,1025.26,1011.59,1022.74,173096672,VNINDEX
2018-06-06,1020.97,1034.5,1012.98,1034.5,147456496,VNINDEX
2018-06-07,1038.93,1043.71,1030.79,1036.69,151829232,VNINDEX
2018-06-08,1032.59,1039.07,1026.94,1039.01,124180352,VNINDEX
2018-06-11,1033.55,1045.6,1029.19,1039.02,133836656,VNINDEX
2018-06-12,1033.55,1033.55,1005.1,1020.76,169945712,VNINDEX
2018-06-13,1017.93,1030.53,1017.93,1030.53,94519776,VNINDEX
2018-06-14,1030.53,1033.46,1015.72,1015.72,135233072,VNINDEX
2018-06-15,1012.71,1018.95,1006.75,1016.51,144865808,VNINDEX
2018-06-18,1015.56,1018.98,986.88,987.34,145591936,VNINDEX
2018-06-19,972.38,972.62,941.57,962.16,203659504,VNINDEX
2018-06-20,957.37,980.95,955.61,980.95,119730864,VNINDEX
2018-06-21,979.57,979.57,966.28,969.4,94237832,VNINDEX
2018-06-22,963.89,983.57,959.91,983.17,102746576,VNINDEX
2018-06-25,997.34,997.34,988.98,990.52,118181312,VNINDEX
2018-06-26,977.78,983.78,970.75,983.02,114881016,VNINDEX
2018-06-27,981.44,984.46,968.91,968.91,126510720,VNINDEX
2018-06-28,964.76,976.12,954.46,957.35,130318208,VNINDEX
2018-06-29,955.64,962.93,950.48,960.78,110043120,VNINDEX
2018-07-02,955.18,956.78,932.66,947.15,142222736,VNINDEX
2018-07-03,945.87,946.16,906.01,906.01,161389344,VNINDEX
2018-07-04,904.34,914.99,890.83,914.99,115604640,VNINDEX
2018-07-05,914.48,921.85,892.67,899.4,127434584,VNINDEX
2018-07-06,891.16,921.75,884.99,917.51,141624528,VNINDEX
2018-07-09,922.72,929.5,915.12,915.12,106167072,VNINDEX
2018-07-10,919.44,921.96,911.12,911.12,93102104,VNINDEX
2018-07-11,898.08,900.16,885.09,893.16,138119520,VNINDEX
2018-07-12,891.21,905.72,884.75,898.51,90464336,VNINDEX
2018-07-13,904.8,912.53,899.94,909.72,121978592,VNINDEX
2018-07-16,914.22,917.63,905.27,911.11,110882464,VNINDEX
2018-07-17,905.32,921.27,902.02,921.27,136304656,VNINDEX
2018-07-18,926.14,942.39,926.14,942.39,184648672,VNINDEX
2018-07-19,943.91,947.07,939.58,943.97,166922928,VNINDEX
2018-07-20,938.83,941.94,930.26,933.39,178891904,VNINDEX
2018-07-23,931.52,949.14,930.25,936.74,190030608,VNINDEX
2018-07-24,933.22,939.07,926.3,934.08,169638576,VNINDEX
2018-07-25,936.57,938.33,927.58,927.58,201884576,VNINDEX
2018-07-26,928.96,930.32,920.99,930.16,175235216,VNINDEX
2018-07-27,931.9,937.23,928.82,935.52,163302080,VNINDEX
2018-07-30,940.76,949.73,937.69,949.73,184174688,VNINDEX
2018-07-31,948.56,959.07,947.32,956.39,229774480,VNINDEX
2018-08-01,957.35,960.05,949.89,952.77,180793936,VNINDEX
2018-08-02,952.75,953.55,942.39,953.55,197722672,VNINDEX
2018-08-03,957.92,966.1,955.13,959.6,166126816,VNINDEX
2018-08-06,960.12,962.99,955.42,960.23,153665952,VNINDEX
2018-08-07,957.7,962.02,953.71,956.79,138303872,VNINDEX
2018-08-08,958.31,966.27,958.31,966.27,140667744,VNINDEX
2018-08-09,968.57,972.52,963.5,963.5,156257392,VNINDEX
2018-08-10,962.03,968.47,955.04,968.47,171440128,VNINDEX
2018-08-13,966.46,978.04,963.41,978.04,178091808,VNINDEX
2018-08-14,979.66,981.42,974.47,978.27,149752816,VNINDEX
2018-08-15,980.45,982.0,961.37,961.37,170817952,VNINDEX
2018-08-16,952.83,964.28,947.09,964.28,155986304,VNINDEX
2018-08-17,971.4,975.52,968.88,968.88,136124704,VNINDEX
2018-08-20,970.81,973.57,966.46,969.62,159945456,VNINDEX
2018-08-21,968.46,979.21,968.45,979.21,166417760,VNINDEX
2018-08-22,979.21,986.36,980.32,982.15,165152304,VNINDEX
2018-08-23,984.12,989.45,982.48,987.36,136864880,VNINDEX
2018-08-24,985.49,989.21,982.88,987.05,154534736,VNINDEX
2018-08-27,990.19,994.54,990.03,991.92,172686080,VNINDEX
2018-08-28,993.95,995.29,989.81,995.19,160331536,VNINDEX
2018-08-29,995.05,995.05,987.47,988.17,147774080,VNINDEX
2018-08-30,987.62,998.07,983.43,998.07,156100944,VNINDEX
2018-08-31,998.55,1003.06,989.54,989.54,163243744,VNINDEX
2018-09-04,990.79,992.18,975.94,975.94,172128480,VNINDEX
2018-09-05,975.05,978.78,964.8,968.44,161390784,VNINDEX
2018-09-06,968.37,970.84,957.99,958.19,142238288,VNINDEX
2018-09-07,955.5,969.34,955.5,968.9,152617376,VNINDEX
2018-09-10,969.74,974.59,968.19,970.34,150338320,VNINDEX
2018-09-11,968.41,985.06,967.92,985.06,158843936,VNINDEX
2018-09-12,990.0,994.83,987.01,987.01,170858032,VNINDEX
2018-09-13,987.48,992.96,984.92,987.95,148842464,VNINDEX
2018-09-14,990.0,995.55,989.56,991.34,149728928,VNINDEX
2018-09-17,990.65,993.83,987.02,987.61,146741120,VNINDEX
2018-09-18,983.43,993.49,981.89,993.49,171104336,VNINDEX
2018-09-19,998.65,1001.83,994.5,995.54,206247040,VNINDEX
2018-09-20,996.48,1004.74,996.48,1004.74,179431952,VNINDEX
2018-09-21,1006.25,1009.1,1000.39,1002.97,273413184,VNINDEX
2018-09-24,1007.52,1011.29,1007.45,1011.29,169398928,VNINDEX
2018-09-25,1011.94,1014.53,1008.67,1010.74,198241536,VNINDEX
2018-09-26,1008.93,1014.86,1007.44,1009.61,219897584,VNINDEX
2018-09-27,1012.57,1017.78,1010.49,1015.37,180962768,VNINDEX
2018-09-28,1019.34,1020.84,1015.4,1017.13,224567008,VNINDEX
2018-10-01,1019.49,1023.87,1012.88,1012.88,225044928,VNINDEX
2018-10-02,1014.26,1021.51,1013.11,1018.79,203932864,VNINDEX
2018-10-03,1021.08,1024.59,1016.47,1020.4,160155648,VNINDEX
2018-10-04,1024.68,1024.68,1020.4,1023.62,183870800,VNINDEX
2018-10-05,1020.21,1020.77,1008.39,1008.39,206650560,VNINDEX
2018-10-08,1003.31,1006.13,996.12,996.12,185949536,VNINDEX
2018-10-09,998.7,1001.87,996.19,996.19,178954448,VNINDEX
2018-10-10,998.66,999.62,991.22,993.96,171846560,VNINDEX
2018-10-11,972.21,972.21,938.83,945.89,344023616,VNINDEX
2018-10-12,939.2,970.08,933.35,970.08,203631776,VNINDEX
2018-10-15,968.8,969.36,951.64,951.64,123102120,VNINDEX
2018-10-16,950.36,963.69,950.36,963.37,117735944,VNINDEX
2018-10-17,973.14,975.27,969.06,971.6,137768800,VNINDEX
2018-10-18,968.93,970.75,962.68,963.47,126109952,VNINDEX
2018-10-19,949.94,959.63,945.83,958.36,132371328,VNINDEX
2018-10-22,960.63,963.79,953.51,953.51,133005080,VNINDEX
2018-10-23,950.12,950.42,925.29,939.68,181840880,VNINDEX
2018-10-24,935.25,939.06,922.73,922.73,132105248,VNINDEX
2018-10-25,902.59,912.07,885.34,910.17,163619872,VNINDEX
2018-10-26,918.11,918.16,900.82,900.82,133621648,VNINDEX
2018-10-29,895.05,897.84,884.92,888.82,113424688,VNINDEX
2018-10-30,881.32,894.8,880.85,888.69,119547416,VNINDEX
2018-10-31,894.23,914.76,894.23,914.76,159222368,VNINDEX
2018-11-01,915.52,918.84,905.73,907.96,121693328,VNINDEX
2018-11-02,911.35,927.62,910.4,924.86,209087968,VNINDEX
2018-11-05,920.87,925.53,915.77,925.53,121121312,VNINDEX
2018-11-06,931.0,931.27,921.93,922.05,120442560,VNINDEX
2018-11-07,922.03,924.6,915.41,922.16,126800488,VNINDEX
2018-11-08,928.69,932.86,925.54,926.28,136692720,VNINDEX
2018-11-09,921.11,925.31,914.29,914.29,131109632,VNINDEX
2018-11-12,909.36,918.99,903.95,918.12,109808768,VNINDEX
2018-11-13,904.35,910.2,903.48,905.38,132807600,VNINDEX
2018-11-14,904.16,910.58,898.83,900.93,125187840,VNINDEX
2018-11-15,901.13,903.83,892.5,897.15,134989504,VNINDEX
2018-11-16,901.44,903.21,894.14,898.19,142498160,VNINDEX
2018-11-19,902.65,916.06,900.61,916.06,123860320,VNINDEX
2018-11-20,909.76,919.02,909.76,919.02,126164584,VNINDEX
2018-11-21,909.83,922.56,907.47,922.56,119083104,VNINDEX
2018-11-22,924.93,926.15,922.02,924.42,114412136,VNINDEX
2018-11-23,923.91,925.84,916.87,917.97,111905784,VNINDEX
2018-11-26,915.67,921.96,914.43,921.03,90451440,VNINDEX
2018-11-27,925.12,930.37,921.26,923.12,109001536,VNINDEX
2018-11-28,922.29,930.2,922.03,930.2,96777712,VNINDEX
2018-11-29,934.88,937.75,926.79,926.79,117424888,VNINDEX
2018-11-30,924.49,928.92,921.08,926.54,128769256,VNINDEX
2018-12-03,937.7,951.59,937.1,951.59,158946864,VNINDEX
2018-12-04,952.97,960.44,950.89,958.84,177097760,VNINDEX
2018-12-05,950.34,960.87,946.97,957.14,153998080,VNINDEX
2018-12-06,957.14,959.59,948.44,954.82,145040192,VNINDEX
2018-12-07,956.49,962.39,955.96,958.59,151647568,VNINDEX
2018-12-10,955.06,958.25,951.5,955.89,129252704,VNINDEX
2018-12-11,955.93,957.97,949.34,954.58,126821328,VNINDEX
2018-12-12,956.32,961.28,956.0,961.28,143971264,VNINDEX
2018-12-13,963.65,966.83,960.1,960.25,145835488,VNINDEX
2018-12-14,958.78,960.09,951.04,952.04,131393080,VNINDEX
2018-12-17,948.09,948.09,933.65,933.65,143135296,VNINDEX
2018-12-18,921.48,928.2,917.03,927.25,155653888,VNINDEX
2018-12-19,926.35,927.03,914.55,919.24,119410208,VNINDEX
2018-12-20,915.5,921.79,914.18,918.24,107806880,VNINDEX
2018-12-21,911.57,915.02,907.88,912.26,131219760,VNINDEX
2018-12-24,910.86,916.41,908.56,908.56,109246400,VNINDEX
2018-12-25,893.71,897.94,882.17,897.94,168379488,VNINDEX
2018-12-26,896.63,899.49,890.86,891.75,104065936,VNINDEX
2018-12-27,904.8,906.63,900.81,900.81,112522144,VNINDEX
2018-12-28,903.79,903.79,892.54,892.54,123558624,VNINDEX
2019-01-02,900.1,900.1,891.1,891.75,91857072,VNINDEX
2019-01-03,889.78,892.21,872.12,878.22,135125056,VNINDEX
2019-01-04,872.69,881.48,861.85,880.9,117664072,VNINDEX
2019-01-07,890.47,896.63,885.3,889.64,87417136,VNINDEX
2019-01-08,891.37,891.87,883.67,887.44,92128528,VNINDEX
2019-01-09,890.26,897.25,888.61,896.99,121796328,VNINDEX
2019-01-10,897.85,899.47,895.17,898.3,102404440,VNINDEX
2019-01-11,899.1,904.37,899.1,902.71,107782496,VNINDEX
2019-01-14,903.83,903.83,897.18,901.8,102797712,VNINDEX
2019-01-15,901.21,909.68,898.92,909.68,106149232,VNINDEX
2019-01-16,911.32,912.48,906.39,908.7,107555096,VNINDEX
2019-01-17,908.48,909.06,901.89,901.89,117379944,VNINDEX
2019-01-18,902.7,906.35,900.64,902.3,98216800,VNINDEX
2019-01-21,905.25,911.74,903.09,911.05,119012352,VNINDEX
2019-01-22,912.73,913.37,906.55,906.55,122327992,VNINDEX
2019-01-23,905.73,910.12,905.12,908.18,104593264,VNINDEX
2019-01-24,908.56,910.59,906.59,908.79,93576168,VNINDEX
2019-01-25,908.86,911.59,907.96,908.88,94869512,VNINDEX
2019-01-28,912.53,913.43,908.9,912.18,105335968,VNINDEX
2019-01-29,913.67,915.93,907.09,915.93,97050248,VNINDEX
2019-01-30,914.08,917.8,913.48,915.84,101720056,VNINDEX
2019-01-31,919.12,920.36,910.38,910.65,110220264,VNINDEX
2019-02-01,911.98,912.81,907.52,908.67,101242392,VNINDEX
2019-02-11,916.98,926.1,915.86,926.1,105483584,VNINDEX
2019-02-12,930.37,938.64,926.98,937.54,172197216,VNINDEX
2019-02-13,937.61,945.25,937.34,945.25,176159808,VNINDEX
2019-02-14,946.54,953.66,945.99,952.34,156655328,VNINDEX
2019-02-15,951.9,955.4,948.26,950.89,145322496,VNINDEX
2019-02-18,954.85,961.3,953.32,961.3,169171360,VNINDEX
2019-02-19,962.84,971.92,962.81,964.35,195093264,VNINDEX
2019-02-20,963.29,972.75,963.29,970.58,145267488,VNINDEX
2019-02-21,972.82,987.57,970.31,987.57,162918224,VNINDEX
2019-02-22,983.99,993.16,982.86,988.91,199234032,VNINDEX
2019-02-25,996.06,999.9,992.72,994.43,192681552,VNINDEX
2019-02-26,991.63,996.44,979.24,987.06,209790992,VNINDEX
2019-02-27,989.61,994.46,988.09,990.27,204616976,VNINDEX
2019-02-28,989.84,990.25,965.47,965.47,197428320,VNINDEX
2019-03-01,971.05,980.82,970.54,979.63,147716480,VNINDEX
2019-03-04,983.5,994.46,983.33,993.99,209754096,VNINDEX
2019-03-05,990.08,1000.25,987.92,992.45,243416224,VNINDEX
2019-03-06,993.01,994.49,985.51,994.49,189551552,VNINDEX
2019-03-07,995.65,1004.55,994.03,994.03,187770048,VNINDEX
2019-03-08,987.89,991.98,984.48,985.25,176347264,VNINDEX
2019-03-11,982.94,987.11,981.34,984.6,142651936,VNINDEX
2019-03-12,991.14,1001.32,990.46,1001.32,179893472,VNINDEX
2019-03-13,1003.75,1009.77,1003.01,1005.41,197620224,VNINDEX
2019-03-14,1006.37,1011.39,1002.09,1008.44,182827760,VNINDEX
2019-03-15,1008.22,1008.22,1001.1,1004.12,207003712,VNINDEX
2019-03-18,1007.92,1013.29,1007.92,1011.86,188364576,VNINDEX
2019-03-19,1013.75,1014.51,1004.22,1006.59,198984160,VNINDEX
2019-03-20,1002.86,1003.25,992.02,1002.3,180045616,VNINDEX
2019-03-21,1005.12,1006.37,981.78,981.78,182708032,VNINDEX
2019-03-22,984.9,990.07,981.3,988.71,151811072,VNINDEX
2019-03-25,976.53,976.53,964.76,970.07,177632672,VNINDEX
2019-03-26,975.44,978.99,966.9,969.79,139645024,VNINDEX
2019-03-27,976.67,979.32,972.25,975.91,112974064,VNINDEX
2019-03-28,973.44,983.18,972.6,982.98,122202112,VNINDEX
2019-03-29,985.35,988.24,980.76,980.76,131921800,VNINDEX
2019-04-01,984.89,988.53,982.8,988.53,137258336,VNINDEX
2019-04-02,994.87,996.41,985.48,985.81,139423296,VNINDEX
2019-04-03,984.74,985.26,980.3,984.46,128758896,VNINDEX
2019-04-04,987.47,989.08,982.94,986.91,131989376,VNINDEX
2019-04-05,988.09,990.38,986.39,989.26,129755944,VNINDEX
2019-04-08,991.65,997.56,989.33,997.56,146953600,VNINDEX
2019-04-09,999.89,1000.02,987.82,988.48,152345600,VNINDEX
2019-04-10,984.79,987.27,976.83,981.91,136497840,VNINDEX
2019-04-11,984.46,985.95,981.06,985.95,117588864,VNINDEX
2019-04-12,984.66,984.69,980.26,982.9,111898232,VNINDEX
2019-04-16,970.87,978.53,963.06,977.17,130941664,VNINDEX
2019-04-17,978.21,980.71,972.1,972.1,148469408,VNINDEX
2019-04-18,969.5,973.73,962.05,962.3,137181216,VNINDEX
2019-04-19,968.27,971.73,965.46,966.21,96080152,VNINDEX
2019-04-22,963.78,966.69,959.33,965.86,115805120,VNINDEX
2019-04-23,964.84,970.98,964.35,968.0,112653936,VNINDEX
2019-04-24,969.66,978.71,969.66,976.92,121107824,VNINDEX
2019-04-25,976.46,976.46,971.92,974.13,112382888,VNINDEX
2019-04-26,972.86,979.64,970.73,979.64,107350696,VNINDEX
2019-05-02,978.81,979.93,975.51,978.5,123917216,VNINDEX
2019-05-03,976.77,977.13,971.75,974.14,127740216,VNINDEX
2019-05-06,964.37,964.89,955.41,957.97,133510960,VNINDEX
2019-05-07,961.31,965.61,955.42,957.56,121330080,VNINDEX
2019-05-08,950.1,953.88,947.86,951.22,118717984,VNINDEX
2019-05-09,950.66,953.66,944.91,947.01,114863672,VNINDEX
2019-05-10,950.37,953.92,947.85,952.55,114647768,VNINDEX
2019-05-13,952.11,958.54,951.76,958.54,124693712,VNINDEX
2019-05-14,952.13,965.34,952.13,965.34,135189664,VNINDEX
2019-05-15,967.95,977.65,967.95,975.64,154156576,VNINDEX
2019-05-16,976.96,981.22,975.69,975.69,129973616,VNINDEX
2019-05-17,977.85,980.04,974.91,976.48,120457432,VNINDEX
2019-05-20,975.95,987.13,974.47,987.13,134337952,VNINDEX
2019-05-21,989.67,992.84,986.07,986.29,124573784,VNINDEX
2019-05-22,986.66,992.26,982.68,983.78,127215168,VNINDEX
2019-05-23,982.0,984.57,977.17,982.71,107963632,VNINDEX
2019-05-24,976.59,983.14,970.03,970.03,128053184,VNINDEX
2019-05-27,970.73,975.4,970.41,975.14,95899120,VNINDEX
2019-05-28,977.02,978.8,969.51,972.0,120728736,VNINDEX
2019-05-29,973.31,974.96,969.55,971.54,120297712,VNINDEX
2019-05-30,971.01,974.56,967.21,969.34,105520032,VNINDEX
2019-05-31,968.53,969.94,959.88,959.88,114110928,VNINDEX
2019-06-03,953.58,955.78,940.28,946.47,141641440,VNINDEX
2019-06-04,945.62,951.42,943.21,951.16,102807600,VNINDEX
2019-06-05,955.8,958.39,951.39,951.41,95438944,VNINDEX
2019-06-06,950.57,951.35,939.35,948.21,100777880,VNINDEX
2019-06-07,951.64,958.28,950.94,958.28,97844864,VNINDEX
2019-06-10,963.78,966.9,958.6,962.9,118770608,VNINDEX
2019-06-11,962.43,964.81,959.98,962.07,95697368,VNINDEX
2019-06-12,960.6,960.6,953.83,954.17,100019840,VNINDEX
2019-06-13,951.26,952.06,946.29,950.08,98544552,VNINDEX
2019-06-14,948.65,954.7,948.65,953.61,115323512,VNINDEX
2019-06-17,953.97,955.18,944.47,946.95,104932992,VNINDEX
2019-06-18,945.73,947.3,938.95,944.01,108309072,VNINDEX
2019-06-19,948.92,950.04,946.83,949.69,113819824,VNINDEX
2019-06-20,949.48,962.33,948.97,959.18,129261232,VNINDEX
2019-06-21,962.69,964.52,959.12,959.2,172955952,VNINDEX
2019-06-24,960.29,967.11,959.8,962.85,113476248,VNINDEX
2019-06-25,961.19,963.23,960.06,960.13,120760128,VNINDEX
2019-06-26,958.6,962.7,958.38,959.13,119422624,VNINDEX
2019-06-27,959.48,959.48,943.11,943.11,122886144,VNINDEX
2019-06-28,944.53,949.94,939.12,949.94,122786032,VNINDEX
2019-07-01,958.92,965.61,957.66,965.61,123426864,VNINDEX
2019-07-02,964.77,966.76,959.8,961.98,107519456,VNINDEX
2019-07-03,960.44,961.67,956.91,960.39,113731280,VNINDEX
2019-07-04,961.78,973.04,961.65,973.04,135119616,VNINDEX
2019-07-05,972.74,975.34,970.16,975.34,117184624,VNINDEX
2019-07-08,972.83,972.83,963.84,966.35,119061504,VNINDEX
2019-07-09,965.24,969.05,963.05,969.05,126456264,VNINDEX
2019-07-10,971.19,974.96,971.19,973.65,124519568,VNINDEX
2019-07-11,976.95,980.02,975.03,978.63,133659824,VNINDEX
2019-07-12,980.11,982.1,974.32,975.4,133003928,VNINDEX
2019-07-15,975.57,975.66,970.93,972.53,117696752,VNINDEX
2019-07-16,975.05,982.11,975.05,982.11,142076680,VNINDEX
2019-07-17,981.49,985.59,979.05,982.57,141947410,VNINDEX
2019-07-18,979.16,979.49,975.01,976.05,126826813,VNINDEX
2019-07-19,978.12,986.12,978.12,982.34,160649510,VNINDEX
2019-07-22,981.17,985.13,980.08,982.04,135292770,VNINDEX
2019-07-23,981.38,990.45,980.22,989.46,134713850,VNINDEX
2019-07-24,993.01,994.85,986.34,988.41,132814770,VNINDEX
2019-07-25,986.85,997.49,986.85,994.95,141192240,VNINDEX
2019-07-26,994.8,998.52,992.97,993.35,118055590,VNINDEX
2019-07-29,994.23,997.94,988.29,997.94,113384890,VNINDEX
2019-07-30,1001.46,1002.77,986.02,986.02,133259450,VNINDEX
2019-07-31,986.0,993.4,982.64,991.66,130600410,VNINDEX
2019-08-01,993.25,997.39,990.88,997.39,135015390,VNINDEX
2019-08-02,987.55,991.39,985.69,991.1,144127640,VNINDEX
2019-08-05,988.6,988.99,973.15,973.15,148292430,VNINDEX
2019-08-06,960.29,966.15,958.39,964.61,170231190,VNINDEX
2019-08-07,967.18,971.96,961.64,965.93,133866380,VNINDEX
2019-08-08,965.62,975.83,964.21,975.24,157756080,VNINDEX
2019-08-09,976.41,978.69,974.33,974.34,133550890,VNINDEX
2019-08-12,975.38,977.63,973.22,975.31,125710330,VNINDEX
2019-08-13,972.7,973.09,964.03,966.83,142686780,VNINDEX
2019-08-14,975.88,975.99,968.91,968.91,125458400,VNINDEX
2019-08-15,958.05,979.38,955.76,979.38,131135680,VNINDEX
2019-08-16,974.88,985.61,974.88,980.0,156459560,VNINDEX
2019-08-19,984.04,985.48,979.17,981.03,107980080,VNINDEX
2019-08-20,983.94,985.35,981.75,984.67,121108870,VNINDEX
2019-08-21,984.36,995.44,983.3,994.38,146223360,VNINDEX
2019-08-22,996.41,998.67,993.23,997.26,128389760,VNINDEX
2019-08-23,997.83,998.07,990.83,992.45,119796120,VNINDEX
2019-08-26,984.09,984.61,977.0,982.88,151649840,VNINDEX
2019-08-27,986.33,988.49,976.79,976.79,150855300,VNINDEX
2019-08-28,977.1,981.35,977.1,977.26,117235850,VNINDEX
2019-08-29,978.17,978.78,973.34,978.59,119663520,VNINDEX
2019-08-30,980.25,984.87,980.25,984.06,126205940,VNINDEX
2019-09-03,984.79,985.21,978.62,979.36,126148070,VNINDEX
2019-09-04,977.74,979.91,973.37,977.63,121831910,VNINDEX
2019-09-05,979.83,981.67,976.79,976.79,113824610,VNINDEX
2019-09-06,977.83,978.73,973.87,974.08,108569600,VNINDEX
2019-09-09,974.53,975.03,972.47,974.12,104287810,VNINDEX
2019-09-10,974.44,977.38,968.36,970.26,128339460,VNINDEX
2019-09-11,969.59,973.13,967.14,969.31,95091710,VNINDEX
2019-09-12,972.39,976.07,972.31,976.07,123174240,VNINDEX
2019-09-13,976.07,987.22,975.95,987.22,145895070,VNINDEX
2019-09-16,987.07,992.6,986.72,989.86,138035800,VNINDEX
2019-09-17,990.06,996.74,986.96,996.74,142632820,VNINDEX
2019-09-18,996.72,996.72,993.94,995.15,140571130,VNINDEX
2019-09-19,995.49,997.2,990.55,997.1,140440060,VNINDEX
2019-09-20,997.6,998.56,990.36,990.36,167884480,VNINDEX
2019-09-23,991.75,993.98,985.75,985.75,141345790,VNINDEX
2019-09-24,986.33,991.36,984.94,988.13,119577920,VNINDEX
2019-09-25,985.96,989.18,983.06,987.3,121420880,VNINDEX
2019-09-26,988.7,991.66,986.35,990.75,133043610,VNINDEX
2019-09-27,992.26,998.34,991.5,997.84,152087820,VNINDEX
2019-09-30,999.92,1004.17,996.51,996.56,157737220,VNINDEX
2019-10-01,997.87,999.72,996.2,999.59,141547280,VNINDEX
2019-10-02,999.18,1000.93,989.63,991.19,155632190,VNINDEX
2019-10-03,985.65,992.45,983.35,992.45,156298020,VNINDEX
2019-10-04,992.81,994.81,987.59,987.59,153634840,VNINDEX
2019-10-07,989.45,990.34,983.09,983.09,150412170,VNINDEX
2019-10-08,983.62,988.51,981.89,988.22,153446780,VNINDEX
2019-10-09,987.82,992.0,986.74,987.83,143783620,VNINDEX
2019-10-10,988.81,990.89,986.93,987.38,137745810,VNINDEX
2019-10-11,988.57,991.84,987.62,991.84,140671790,VNINDEX
2019-10-14,994.61,997.25,992.5,993.57,171969840,VNINDEX
2019-10-15,993.55,994.75,990.74,993.05,131330520,VNINDEX
2019-10-16,995.75,997.41,993.42,994.46,157875510,VNINDEX
2019-10-17,995.04,995.81,989.82,989.82,157134910,VNINDEX
2019-10-18,992.0,993.03,988.56,989.2,153487520,VNINDEX
2019-10-21,988.18,988.82,983.56,983.56,162867090,VNINDEX
2019-10-22,983.52,987.59,983.52,987.19,200609660,VNINDEX
2019-10-23,987.04,989.61,985.52,987.79,154015230,VNINDEX
2019-10-24,988.85,993.6,987.65,993.6,141378830,VNINDEX
2019-10-25,993.91,996.67,992.91,996.57,136700300,VNINDEX
2019-10-28,998.27,999.94,996.48,996.48,149945220,VNINDEX
2019-10-29,997.77,999.88,995.87,995.87,177823330,VNINDEX
2019-10-30,996.83,1003.4,994.86,1000.89,160171570,VNINDEX
2019-10-31,1000.89,1004.4,998.58,998.82,189105090,VNINDEX
2019-11-01,998.82,1015.88,998.82,1015.59,200048280,VNINDEX
2019-11-04,1019.0,1023.92,1015.86,1022.43,208479560,VNINDEX
2019-11-05,1022.77,1026.53,1021.63,1024.34,172233290,VNINDEX
2019-11-06,1023.43,1028.97,1023.42,1024.91,183325470,VNINDEX
2019-11-07,1023.49,1028.45,1022.61,1024.03,166863590,VNINDEX
2019-11-08,1026.73,1027.19,1021.11,1022.49,157942420,VNINDEX
2019-11-11,1023.32,1024.77,1016.35,1016.75,170775110,VNINDEX
2019-11-12,1016.97,1021.84,1015.97,1018.33,180969830,VNINDEX
2019-11-13,1019.07,1020.09,1010.8,1012.77,261314854,VNINDEX
2019-11-14,1013.85,1016.71,1010.6,1012.3,209404256,VNINDEX
2019-11-15,1012.93,1015.16,1005.1,1010.03,212311387,VNINDEX
2019-11-18,1010.03,1012.09,1002.63,1002.91,184310829,VNINDEX
2019-11-19,1002.89,1008.35,1001.35,1008.35,232356619,VNINDEX
2019-11-20,1009.21,1009.21,1000.56,1000.56,210309868,VNINDEX
2019-11-21,999.37,999.63,987.89,987.89,215011817,VNINDEX
2019-11-22,992.73,993.7,971.03,977.78,227429324,VNINDEX
2019-11-25,977.85,979.6,971.24,976.35,189316343,VNINDEX
2019-11-26,976.35,981.96,976.35,976.79,192498156,VNINDEX
2019-11-27,978.98,982.76,978.17,978.17,197964033,VNINDEX
2019-11-28,977.66,979.17,967.68,970.39,191263808,VNINDEX
2019-11-29,971.1,972.89,968.03,970.75,167266555,VNINDEX
2019-12-02,971.42,972.91,958.3,959.31,210999350,VNINDEX
2019-12-03,957.4,960.82,950.96,953.43,264937828,VNINDEX
2019-12-04,952.51,965.9,950.13,965.9,210095558,VNINDEX
2019-12-05,969.0,969.53,962.16,963.27,194538257,VNINDEX
2019-12-06,962.38,965.41,960.99,963.56,171819421,VNINDEX
2019-12-09,963.91,967.57,962.59,966.06,273262818,VNINDEX
2019-12-10,965.92,966.58,955.14,960.3,242725192,VNINDEX
2019-12-11,960.59,961.78,954.56,961.78,216475104,VNINDEX
2019-12-12,963.39,968.39,962.72,968.17,218749302,VNINDEX
2019-12-13,969.43,971.84,965.93,966.18,219156032,VNINDEX
2019-12-16,966.0,966.0,960.39,961.47,278437940,VNINDEX
2019-12-17,962.49,962.79,954.03,954.03,280853503,VNINDEX
2019-12-18,951.52,954.18,949.86,951.13,323407180,VNINDEX
2019-12-19,950.61,955.85,946.74,952.26,222467240,VNINDEX
2019-12-20,953.55,957.52,952.71,956.41,243332885,VNINDEX
2019-12-23,959.55,960.71,958.07,959.43,241524335,VNINDEX
2019-12-24,959.43,959.43,953.29,958.88,229674422,VNINDEX
2019-12-25,958.18,962.83,957.5,960.92,238316843,VNINDEX
2019-12-26,960.67,962.11,957.43,958.59,265937347,VNINDEX
2019-12-27,957.7,963.51,954.19,963.51,180524101,VNINDEX
2019-12-30,962.89,967.52,962.47,965.03,177740545,VNINDEX
2019-12-31,965.71,965.71,958.22,960.99,185242663,VNINDEX
2020-01-02,960.26,966.67,959.67,966.67,200601631,VNINDEX
2020-01-03,968.72,970.88,965.14,965.14,174128840,VNINDEX
2020-01-06,962.79,963.2,955.59,955.79,187204339,VNINDEX
2020-01-07,955.79,959.46,953.19,958.88,181625538,VNINDEX
2020-01-08,954.13,955.84,945.28,948.98,319165887,VNINDEX
2020-01-09,953.86,960.73,952.16,960.15,166147392,VNINDEX
2020-01-10,961.17,969.71,961.17,968.54,222154568,VNINDEX
2020-01-13,966.89,968.63,964.79,965.84,147147791,VNINDEX
2020-01-14,966.26,968.85,965.76,967.0,190348503,VNINDEX
2020-01-15,967.69,967.69,964.84,967.56,150040543,VNINDEX
2020-01-16,967.2,974.7,967.17,974.31,201250786,VNINDEX
2020-01-17,976.28,980.02,973.79,978.96,164136095,VNINDEX
2020-01-20,978.23,979.85,975.93,978.63,102398830,VNINDEX
2020-01-21,978.82,986.37,978.82,986.37,128887950,VNINDEX
2020-01-22,986.52,991.46,983.92,991.46,128966880,VNINDEX
2020-01-30,975.15,977.72,954.0,959.58,181385230,VNINDEX
2020-01-31,959.58,960.96,936.62,936.62,210630210,VNINDEX
2020-02-03,916.6,930.37,891.85,928.14,246486370,VNINDEX
2020-02-04,929.42,934.91,919.33,929.09,178000400,VNINDEX
2020-02-05,934.75,936.33,921.89,925.91,164052070,VNINDEX
2020-02-06,926.66,938.54,925.21,938.54,206133165,VNINDEX
2020-02-07,938.61,943.48,935.94,940.75,165020480,VNINDEX
2020-02-10,934.38,935.87,926.61,930.73,129573270,VNINDEX
2020-02-11,930.73,936.04,930.73,934.67,159265510,VNINDEX
2020-02-12,940.72,943.11,937.34,937.68,187439280,VNINDEX
2020-02-13,937.19,939.1,934.47,938.24,153479610,VNINDEX
2020-02-14,939.28,940.65,936.47,937.45,172195600,VNINDEX
2020-02-17,938.52,938.52,931.66,934.77,149349950,VNINDEX
2020-02-18,934.47,934.98,926.01,927.93,164327840,VNINDEX
2020-02-19,926.41,931.66,925.86,928.76,161801070,VNINDEX
2020-02-20,933.69,938.13,930.41,938.13,183636850,VNINDEX
2020-02-21,938.13,940.53,932.32,933.09,179503790,VNINDEX
2020-02-24,917.49,917.49,903.34,903.34,255965410,VNINDEX
2020-02-25,893.95,909.67,893.95,909.67,186008510,VNINDEX
2020-02-26,901.51,903.27,894.25,895.97,131173700,VNINDEX
2020-02-27,892.15,899.34,889.14,898.44,135468580,VNINDEX
2020-02-28,885.47,887.07,872.46,882.19,184315860,VNINDEX
2020-03-02,878.43,886.45,877.31,884.43,173927240,VNINDEX
2020-03-03,895.39,896.39,890.06,890.61,176373200,VNINDEX
2020-03-04,887.85,889.85,882.83,889.37,195439390,VNINDEX
2020-03-05,892.71,898.43,891.2,893.31,209158850,VNINDEX
2020-03-06,888.96,891.44,882.71,891.44,175600680,VNINDEX
2020-03-09,875.8,875.8,834.67,835.49,273180820,VNINDEX
2020-03-10,813.83,843.28,806.63,837.5,242825240,VNINDEX
2020-03-11,843.52,844.94,794.54,811.35,278303370,VNINDEX
2020-03-12,778.06,778.06,762.12,769.25,311344630,VNINDEX
2020-03-13,750.56,764.69,723.42,761.78,289011560,VNINDEX
2020-03-16,758.28,758.59,737.58,747.86,222784370,VNINDEX
2020-03-17,724.07,750.03,721.84,745.78,202440360,VNINDEX
2020-03-18,747.4,752.65,742.12,747.66,206015830,VNINDEX
2020-03-19,732.35,733.43,714.02,725.94,311215400,VNINDEX
2020-03-20,728.55,729.35,709.73,709.73,198208490,VNINDEX
2020-03-23,694.77,694.77,664.23,666.59,223310850,VNINDEX
2020-03-24,666.59,666.59,652.27,659.21,213831260,VNINDEX
2020-03-25,669.76,690.25,667.58,690.25,209987920,VNINDEX
2020-03-26,689.0,700.76,680.1,694.21,171266480,VNINDEX
2020-03-27,692.54,703.22,682.52,696.06,212622560,VNINDEX
2020-03-30,663.91,665.56,657.36,662.26,194282800,VNINDEX
2020-03-31,669.74,678.64,649.1,662.53,227982260,VNINDEX
2020-04-01,658.8,684.96,657.41,680.23,211013080,VNINDEX
2020-04-03,687.92,701.8,687.92,701.8,197938250,VNINDEX
2020-04-06,716.22,736.75,715.39,736.75,305129360,VNINDEX
2020-04-07,744.97,749.13,730.28,746.69,276656810,VNINDEX
2020-04-08,740.03,748.36,730.12,748.02,203480250,VNINDEX
2020-04-09,751.08,765.87,751.08,760.33,271131720,VNINDEX
2020-04-10,759.08,764.36,751.59,757.94,295272845,VNINDEX
2020-04-13,762.99,774.62,762.53,765.79,200195470,VNINDEX
2020-04-14,769.01,769.53,753.85,767.41,229443390,VNINDEX
2020-04-15,768.05,779.52,768.01,777.22,257498999,VNINDEX
2020-04-16,773.11,781.06,770.91,780.7,217020332,VNINDEX
2020-04-17,786.96,790.95,783.74,789.6,268469130,VNINDEX
2020-04-20,796.17,797.49,786.73,794.97,304660710,VNINDEX
2020-04-21,794.97,794.97,761.96,766.84,368614950,VNINDEX
2020-04-22,752.8,774.94,749.97,768.92,226491930,VNINDEX
2020-04-23,768.92,785.6,768.92,773.91,189443000,VNINDEX
2020-04-24,777.28,778.3,767.31,776.66,226072090,VNINDEX
2020-04-27,780.65,785.74,771.33,771.78,245844760,VNINDEX
2020-04-28,773.31,776.13,763.66,767.21,197231630,VNINDEX
2020-04-29,768.59,772.62,768.19,769.11,211559973,VNINDEX
2020-05-04,766.14,769.73,761.64,762.47,253967720,VNINDEX
2020-05-05,763.22,767.03,760.04,764.16,170757250,VNINDEX
2020-05-06,767.3,782.59,765.37,782.59,210814330,VNINDEX
2020-05-07,785.08,796.54,785.08,796.54,214433830,VNINDEX
2020-05-08,800.32,825.72,800.2,813.73,340156270,VNINDEX
2020-05-11,818.26,828.33,812.48,828.33,269257930,VNINDEX
2020-05-12,827.29,835.95,819.66,835.32,290069940,VNINDEX
2020-05-13,835.32,839.59,815.13,834.21,338667310,VNINDEX
2020-05-14,830.97,836.19,826.17,832.4,274105680,VNINDEX
2020-05-15,835.42,838.47,824.59,827.03,258429320,VNINDEX
2020-05-18,827.49,837.61,823.08,837.01,224260950,VNINDEX
2020-05-19,852.14,854.25,844.15,845.92,293951450,VNINDEX
2020-05-20,843.26,852.91,842.21,852.91,235672860,VNINDEX
2020-05-21,854.93,862.73,854.04,862.73,301190730,VNINDEX
2020-05-22,859.29,860.65,852.08,852.74,265002610,VNINDEX
2020-05-25,852.9,860.45,849.12,859.04,259723410,VNINDEX
2020-05-26,861.47,869.65,860.22,869.13,306514080,VNINDEX
2020-05-27,869.13,875.35,857.48,857.48,354487370,VNINDEX
2020-05-28,858.97,866.17,856.48,861.39,265589230,VNINDEX
2020-05-29,861.59,866.95,859.26,864.47,281746500,VNINDEX
2020-06-01,868.97,878.25,868.97,877.49,395078190,VNINDEX
2020-06-02,879.23,882.73,874.53,874.59,421942698,VNINDEX
2020-06-03,876.73,881.17,874.01,881.17,323411690,VNINDEX
2020-06-04,883.22,888.32,883.22,883.9,393990700,VNINDEX
2020-06-05,883.4,886.59,878.5,886.22,451411820,VNINDEX
2020-06-08,888.7,905.65,888.7,899.92,509361980,VNINDEX
2020-06-09,902.26,904.89,898.87,899.43,451470893,VNINDEX
2020-06-10,898.78,902.69,890.3,900.0,514286390,VNINDEX
2020-06-11,900.48,903.7,867.37,867.37,672740130,VNINDEX
2020-06-12,841.85,863.52,841.44,863.52,582432110,VNINDEX
2020-06-15,867.52,868.16,832.47,832.47,470372440,VNINDEX
2020-06-16,848.86,858.7,844.67,856.13,361060670,VNINDEX
2020-06-17,861.05,861.05,852.27,854.44,311414326,VNINDEX
2020-06-18,850.92,858.03,847.49,855.27,234958560,VNINDEX
2020-06-19,857.77,868.56,857.77,868.56,376330021,VNINDEX
2020-06-22,871.56,872.94,867.37,871.28,331444410,VNINDEX
2020-06-23,871.12,873.2,864.02,868.2,400707460,VNINDEX
2020-06-24,868.2,873.13,857.58,859.71,340133770,VNINDEX
2020-06-25,851.09,856.23,849.65,854.59,285078310,VNINDEX
2020-06-26,859.07,862.59,850.66,851.98,258644960,VNINDEX
2020-06-29,846.26,846.53,826.0,829.36,335977750,VNINDEX
2020-06-30,836.72,840.31,821.92,825.11,308543890,VNINDEX
2020-07-01,827.67,844.26,826.38,843.49,253137605,VNINDEX
2020-07-02,845.66,845.66,838.48,842.38,191000470,VNINDEX
2020-07-03,845.26,848.16,843.25,847.61,173014030,VNINDEX
2020-07-06,851.47,861.85,850.04,861.16,194702704,VNINDEX
2020-07-07,865.46,870.63,863.42,863.42,284435650,VNINDEX
2020-07-08,861.75,865.58,859.98,864.5,184523002,VNINDEX
2020-07-09,867.66,878.36,867.45,876.46,260639310,VNINDEX
2020-07-10,873.7,878.53,867.59,871.21,254960040,VNINDEX
2020-07-13,874.85,876.83,866.99,868.72,204476360,VNINDEX
2020-07-14,865.01,868.11,860.28,868.11,204647390,VNINDEX
2020-07-15,872.8,876.69,869.91,869.91,223583514,VNINDEX
2020-07-16,871.81,876.83,869.25,876.83,221312960,VNINDEX
2020-07-17,873.48,875.07,871.89,872.02,239170238,VNINDEX
2020-07-20,870.66,871.64,861.4,861.4,256105460,VNINDEX
2020-07-21,863.94,864.7,856.94,861.69,216142880,VNINDEX
2020-07-22,862.8,864.0,854.97,855.08,207518780,VNINDEX
2020-07-23,854.92,857.22,851.97,856.75,221114760,VNINDEX
2020-07-24,854.23,854.57,816.65,829.16,437645540,VNINDEX
2020-07-27,794.14,808.74,780.64,785.17,374271440,VNINDEX
2020-07-28,786.72,814.4,786.67,813.36,311090950,VNINDEX
2020-07-29,800.39,800.39,779.82,790.84,311881410,VNINDEX
2020-07-30,796.22,802.97,794.88,801.13,164121470,VNINDEX
2020-07-31,787.78,803.55,786.98,798.39,219713240,VNINDEX
2020-08-03,796.86,814.84,796.47,814.65,245111000,VNINDEX
2020-08-04,822.86,827.57,820.2,827.57,251465920,VNINDEX
2020-08-05,827.54,839.52,820.74,837.8,264925520,VNINDEX
2020-08-06,838.01,844.16,833.56,840.04,233729360,VNINDEX
2020-08-07,840.65,844.33,836.84,841.46,230196640,VNINDEX
2020-08-10,845.11,849.52,843.2,843.2,278296200,VNINDEX
2020-08-11,847.61,847.61,840.35,843.08,226987880,VNINDEX
2020-08-12,844.19,848.54,842.88,846.92,238673880,VNINDEX
2020-08-13,849.96,855.19,849.86,855.05,236272029,VNINDEX
2020-08-14,854.29,860.32,848.38,850.74,285411092,VNINDEX
2020-08-17,848.08,852.05,841.62,850.15,215913300,VNINDEX
2020-08-18,850.15,851.06,845.0,846.43,183415680,VNINDEX
2020-08-19,847.19,853.15,846.22,851.21,214923630,VNINDEX
2020-08-20,851.21,856.99,847.44,848.21,232026013,VNINDEX
2020-08-21,849.99,856.45,849.69,854.78,265128988,VNINDEX
2020-08-24,860.35,868.68,860.35,868.68,346724130,VNINDEX
2020-08-25,870.92,877.57,870.92,874.12,343457338,VNINDEX
2020-08-26,873.62,876.97,871.78,873.47,320901950,VNINDEX
2020-08-27,872.38,875.71,871.93,874.71,279106850,VNINDEX
2020-08-28,878.79,885.86,877.7,878.98,329186611,VNINDEX
2020-08-31,882.13,888.44,879.26,881.65,333538560,VNINDEX
2020-09-01,882.4,892.51,880.79,891.73,285412810,VNINDEX
2020-09-03,898.25,904.32,896.26,903.97,323303440,VNINDEX
2020-09-04,896.02,903.11,893.86,901.54,316184660,VNINDEX
2020-09-07,903.85,905.8,888.25,888.25,382825000,VNINDEX
2020-09-08,891.61,894.58,884.88,890.14,266931640,VNINDEX
2020-09-09,883.68,892.4,881.57,889.32,282232270,VNINDEX
2020-09-10,895.29,896.78,888.82,888.82,283019010,VNINDEX
2020-09-11,888.82,890.98,884.67,888.97,269769740,VNINDEX
2020-09-14,891.89,895.31,891.89,894.57,318951640,VNINDEX
2020-09-15,896.61,898.74,894.66,896.26,344141100,VNINDEX
2020-09-16,897.43,897.58,894.63,897.47,263657740,VNINDEX
2020-09-17,897.47,899.41,890.93,894.04,371973420,VNINDEX
2020-09-18,896.08,902.11,895.82,900.95,303725090,VNINDEX
2020-09-21,904.5,909.78,904.5,907.94,349431690,VNINDEX
2020-09-22,905.9,909.69,902.47,906.19,374630691,VNINDEX
2020-09-23,908.97,913.52,908.97,912.5,324674020,VNINDEX
2020-09-24,910.53,914.51,907.32,908.58,359943690,VNINDEX
2020-09-25,910.78,911.3,905.56,908.27,326127370,VNINDEX
2020-09-28,911.2,913.6,910.04,912.5,384491340,VNINDEX
2020-09-29,916.63,917.49,903.98,903.98,438272690,VNINDEX
2020-09-30,904.34,907.0,900.44,905.21,310404060,VNINDEX
2020-10-01,910.13,914.09,909.13,914.09,330901620,VNINDEX
2020-10-02,914.09,916.67,897.72,909.91,506547870,VNINDEX
2020-10-05,913.77,915.55,910.96,914.68,420781580,VNINDEX
2020-10-06,918.11,918.93,912.77,915.67,477253805,VNINDEX
2020-10-07,913.62,923.57,912.69,919.72,501764946,VNINDEX
2020-10-08,922.08,922.08,913.89,918.84,446430000,VNINDEX
2020-10-09,919.48,924.0,917.7,924.0,343816560,VNINDEX
2020-10-12,930.78,933.13,923.28,925.83,415587766,VNINDEX
2020-10-13,926.76,930.96,923.78,929.86,323002072,VNINDEX
2020-10-14,931.89,940.18,931.89,940.18,386796943,VNINDEX
2020-10-15,945.28,945.93,938.7,942.76,439631740,VNINDEX
2020-10-16,944.03,946.23,935.98,943.3,395580380,VNINDEX
2020-10-19,945.01,946.29,941.92,943.69,353154450,VNINDEX
2020-10-20,941.0,944.54,937.32,944.42,385709020,VNINDEX
2020-10-21,947.16,948.2,939.0,939.03,372403747,VNINDEX
2020-10-22,938.06,949.9,933.78,949.9,316297780,VNINDEX
2020-10-23,953.45,961.26,953.14,961.26,392835900,VNINDEX
2020-10-26,967.52,970.15,950.8,950.8,404823940,VNINDEX
2020-10-27,950.8,954.72,946.28,946.47,415483910,VNINDEX
2020-10-28,942.82,946.91,921.05,921.05,433987370,VNINDEX
2020-10-29,916.49,925.84,914.33,919.08,356822070,VNINDEX
2020-10-30,925.41,926.32,911.2,925.47,297619160,VNINDEX
2020-11-02,926.09,933.68,924.14,933.68,273129480,VNINDEX
2020-11-03,936.73,937.57,932.18,935.41,303758330,VNINDEX
2020-11-04,935.41,943.56,933.86,939.76,327531490,VNINDEX
2020-11-05,940.32,945.51,937.75,937.75,272242750,VNINDEX
2020-11-06,939.73,941.2,934.63,938.29,249333850,VNINDEX
2020-11-09,942.15,951.99,942.15,951.99,369592050,VNINDEX
2020-11-10,962.68,963.47,951.9,951.9,422141040,VNINDEX
2020-11-11,954.46,956.65,947.61,952.22,353755780,VNINDEX
2020-11-12,953.97,959.28,953.62,959.28,320081130,VNINDEX
2020-11-13,959.56,966.29,959.13,966.29,419678370,VNINDEX
2020-11-16,970.11,972.98,950.5,950.79,485401410,VNINDEX
2020-11-17,955.52,968.9,953.22,968.9,371484161,VNINDEX
2020-11-18,969.48,974.3,966.32,973.53,446206150,VNINDEX
2020-11-19,975.32,983.26,974.33,983.26,473564550,VNINDEX
2020-11-20,984.71,990.0,980.72,990.0,471867270,VNINDEX
2020-11-23,991.87,995.9,985.38,994.19,451210750,VNINDEX
2020-11-24,996.55,997.99,984.92,995.76,511566140,VNINDEX
2020-11-25,1000.39,1002.31,996.8,999.94,445346780,VNINDEX
2020-11-26,999.24,1005.97,994.91,1005.97,411998400,VNINDEX
2020-11-27,1006.68,1010.22,1004.0,1010.22,381723340,VNINDEX
2020-11-30,1011.82,1012.5,1002.61,1003.08,450045450,VNINDEX
2020-12-01,988.71,1008.87,988.71,1008.87,537007360,VNINDEX
2020-12-02,1008.77,1015.86,1007.91,1014.32,484930100,VNINDEX
2020-12-03,1016.73,1020.35,1014.06,1019.8,497108470,VNINDEX
2020-12-04,1020.49,1025.17,1018.67,1021.49,527019060,VNINDEX
2020-12-07,1024.34,1030.41,1022.14,1029.98,473554480,VNINDEX
2020-12-08,1030.88,1032.58,1025.63,1029.26,501250780,VNINDEX
2020-12-09,1031.19,1039.55,1030.24,1039.13,554755640,VNINDEX
2020-12-10,1041.65,1044.1,1030.91,1030.91,566339280,VNINDEX
2020-12-11,1033.19,1045.96,1030.06,1045.96,413852370,VNINDEX
2020-12-14,1048.97,1064.09,1048.97,1064.09,506310660,VNINDEX
2020-12-15,1062.02,1067.45,1052.01,1055.27,621133560,VNINDEX
2020-12-16,1058.34,1066.99,1057.21,1066.99,556546890,VNINDEX
2020-12-17,1065.85,1065.85,1051.42,1051.77,634682600,VNINDEX
2020-12-18,1055.75,1068.56,1055.75,1067.46,560068250,VNINDEX
2020-12-21,1071.62,1081.6,1070.86,1081.08,660479750,VNINDEX
2020-12-22,1081.85,1084.23,1077.06,1083.45,695860800,VNINDEX
2020-12-23,1087.89,1094.09,1077.92,1078.9,742856110,VNINDEX
2020-12-24,1083.83,1084.76,1046.89,1067.52,686557640,VNINDEX
2020-12-25,1068.83,1084.42,1061.83,1084.42,592212900,VNINDEX
2020-12-28,1094.37,1096.11,1083.9,1091.33,663869090,VNINDEX
2020-12-29,1090.49,1102.79,1087.93,1099.49,618010510,VNINDEX
2020-12-30,1099.78,1108.83,1094.91,1097.54,619802880,VNINDEX
2020-12-31,1098.25,1105.33,1096.27,1103.87,500978800,VNINDEX
2021-01-04,1113.77,1126.43,1113.59,1120.47,709601600,VNINDEX
2021-01-05,1116.96,1134.45,1116.49,1132.55,710226500,VNINDEX
2021-01-06,1139.12,1152.85,1133.7,1143.21,725414800,VNINDEX
2021-01-07,1147.26,1156.49,1143.44,1156.49,719527100,VNINDEX
2021-01-08,1164.1,1176.33,1160.48,1167.69,763095900,VNINDEX
2021-01-11,1176.47,1186.45,1175.0,1184.89,776321700,VNINDEX
2021-01-12,1190.38,1192.28,1179.24,1192.28,683329700,VNINDEX
2021-01-13,1197.32,1200.82,1183.18,1186.05,747161400,VNINDEX
2021-01-14,1189.48,1190.5,1178.84,1187.4,737417900,VNINDEX
2021-01-15,1188.84,1197.74,1188.84,1194.2,746215900,VNINDEX
2021-01-18,1198.79,1200.85,1190.33,1191.94,711741000,VNINDEX
2021-01-19,1189.91,1189.91,1117.17,1131.0,923105700,VNINDEX
2021-01-20,1136.5,1142.48,1098.05,1134.68,802789200,VNINDEX
2021-01-21,1146.86,1164.21,1132.66,1164.21,666008100,VNINDEX
2021-01-22,1166.77,1175.72,1161.43,1166.78,716238500,VNINDEX
2021-01-25,1164.2,1172.18,1162.8,1166.05,665737500,VNINDEX
2021-01-26,1164.97,1164.97,1121.03,1136.12,743159100,VNINDEX
2021-01-27,1122.41,1132.99,1088.86,1097.17,745071300,VNINDEX
2021-01-28,1041.71,1052.16,1022.77,1023.94,698605600,VNINDEX
2021-01-29,998.33,1076.11,998.33,1056.61,743995900,VNINDEX
2021-02-01,1062.13,1074.52,1035.51,1035.51,588446500,VNINDEX
2021-02-02,1036.95,1075.53,1029.36,1075.53,554905500,VNINDEX
2021-02-03,1084.87,1113.24,1082.95,1111.29,635966100,VNINDEX
2021-02-04,1112.97,1117.88,1098.85,1112.19,471356200,VNINDEX
2021-02-05,1114.79,1126.91,1112.19,1126.91,458710000,VNINDEX
2021-02-08,1127.06,1127.06,1075.1,1083.18,635387600,VNINDEX
2021-02-09,1090.88,1114.93,1078.98,1114.93,490182000,VNINDEX
2021-02-17,1127.46,1155.78,1127.46,1155.78,510971700,VNINDEX
2021-02-18,1157.1,1174.38,1148.66,1174.38,585040700,VNINDEX
2021-02-19,1160.65,1178.18,1157.6,1173.5,547575400,VNINDEX
2021-02-22,1173.57,1182.67,1169.12,1175.04,571176900,VNINDEX
2021-02-23,1174.57,1184.32,1168.32,1177.64,571704900,VNINDEX
2021-02-24,1184.32,1185.58,1154.36,1162.01,572631700,VNINDEX
2021-02-25,1169.97,1169.97,1155.74,1165.43,493051100,VNINDEX
2021-02-26,1148.88,1169.28,1148.88,1168.47,528150000,VNINDEX
2021-03-01,1176.93,1186.82,1174.45,1186.17,593011800,VNINDEX
2021-03-02,1196.16,1196.16,1181.99,1186.61,533302200,VNINDEX
2021-03-03,1184.73,1189.18,1180.25,1186.95,584537200,VNINDEX
2021-03-04,1191.78,1191.9,1159.48,1168.52,629649100,VNINDEX
2021-03-05,1164.19,1169.56,1155.6,1168.69,568265900,VNINDEX
2021-03-08,1180.33,1181.25,1164.02,1168.27,627495500,VNINDEX
2021-03-09,1160.96,1166.42,1150.94,1161.97,613096200,VNINDEX
2021-03-10,1163.86,1170.59,1154.89,1170.08,569498400,VNINDEX
2021-03-11,1180.31,1183.73,1176.49,1181.73,586252400,VNINDEX
2021-03-12,1185.21,1186.52,1178.14,1181.56,595631800,VNINDEX
2021-03-15,1183.89,1186.06,1178.8,1184.56,634609700,VNINDEX
2021-03-16,1184.91,1184.91,1171.76,1179.9,629617900,VNINDEX
2021-03-17,1178.64,1186.09,1176.26,1186.09,648766800,VNINDEX
2021-03-18,1196.6,1200.94,1191.94,1200.94,570101600,VNINDEX
2021-03-19,1195.47,1199.67,1191.96,1194.05,600925800,VNINDEX
2021-03-22,1200.05,1200.21,1189.31,1194.43,626610700,VNINDEX
2021-03-23,1190.28,1191.47,1177.1,1183.45,643583000,VNINDEX
2021-03-24,1169.42,1174.2,1154.22,1161.81,649741100,VNINDEX
2021-03-25,1164.41,1170.76,1154.44,1163.1,613916000,VNINDEX
2021-03-26,1162.71,1165.76,1137.9,1162.21,630516500,VNINDEX
2021-03-29,1169.65,1175.77,1165.78,1175.68,592790900,VNINDEX
2021-03-30,1179.64,1187.29,1172.85,1186.36,707543000,VNINDEX
2021-03-31,1187.44,1196.45,1186.4,1191.44,670504300,VNINDEX
2021-04-01,1194.59,1217.26,1192.83,1216.1,637059200,VNINDEX
2021-04-02,1225.76,1228.29,1221.07,1224.45,608762900,VNINDEX
2021-04-05,1245.28,1245.28,1228.18,1236.05,635303500,VNINDEX
2021-04-06,1233.37,1244.63,1231.14,1239.96,656481800,VNINDEX
2021-04-07,1237.39,1242.38,1232.52,1242.38,676166500,VNINDEX
2021-04-08,1246.4,1246.4,1232.26,1234.89,633566500,VNINDEX
2021-04-09,1231.51,1234.98,1227.6,1231.66,655839000,VNINDEX
2021-04-12,1236.79,1252.45,1232.35,1252.45,857647000,VNINDEX
2021-04-13,1262.44,1268.02,1247.66,1248.33,977605500,VNINDEX
2021-04-14,1240.9,1255.87,1233.01,1255.87,813503500,VNINDEX
2021-04-15,1262.25,1265.87,1247.25,1247.25,753342511,VNINDEX
2021-04-16,1245.06,1254.61,1227.14,1238.71,948989400,VNINDEX
2021-04-19,1243.58,1260.58,1233.77,1260.58,773047000,VNINDEX
2021-04-20,1267.74,1286.32,1261.28,1268.28,798483500,VNINDEX
2021-04-22,1264.31,1271.98,1227.82,1227.82,732254600,VNINDEX
2021-04-23,1227.18,1248.53,1216.15,1248.53,684222800,VNINDEX
2021-04-26,1251.25,1251.25,1214.14,1215.77,685386500,VNINDEX
2021-04-27,1213.84,1220.96,1204.14,1219.75,544650900,VNINDEX
2021-04-28,1220.26,1230.91,1217.49,1229.55,589498400,VNINDEX
2021-04-29,1234.91,1239.39,1231.25,1239.39,614232800,VNINDEX
2021-05-04,1222.08,1242.8,1212.56,1242.2,712632600,VNINDEX
2021-05-05,1244.69,1265.93,1244.69,1256.43,685433600,VNINDEX
2021-05-06,1255.42,1261.49,1246.64,1250.57,672398700,VNINDEX
2021-05-07,1245.48,1250.5,1231.92,1241.81,745215600,VNINDEX
2021-05-10,1239.96,1259.58,1236.85,1259.58,732066300,VNINDEX
2021-05-11,1265.11,1272.55,1256.04,1256.04,709535700,VNINDEX
2021-05-12,1251.97,1269.09,1249.18,1269.09,664157900,VNINDEX
2021-05-13,1262.98,1273.49,1261.99,1261.99,680368500,VNINDEX
2021-05-14,1266.43,1271.45,1259.97,1266.36,679016500,VNINDEX
2021-05-17,1272.55,1277.83,1258.5,1258.7,705839600,VNINDEX
2021-05-18,1259.57,1262.22,1249.02,1252.68,661244600,VNINDEX
2021-05-19,1254.78,1262.71,1250.58,1262.49,650916500,VNINDEX
2021-05-20,1264.62,1278.22,1255.78,1278.22,706187900,VNINDEX
2021-05-21,1272.84,1289.03,1268.46,1283.93,654126800,VNINDEX
2021-05-24,1287.5,1299.83,1287.36,1297.98,670713100,VNINDEX
2021-05-25,1299.19,1308.58,1297.23,1308.58,639370500,VNINDEX
2021-05-26,1308.04,1317.3,1304.68,1316.7,676236800,VNINDEX
2021-05-27,1318.42,1319.67,1299.99,1303.57,685085600,VNINDEX
2021-05-28,1307.79,1323.09,1300.06,1320.46,722285600,VNINDEX
2021-05-31,1326.65,1328.05,1307.56,1328.05,700319900,VNINDEX
2021-06-01,1329.47,1346.34,1328.84,1337.78,606143075,VNINDEX
2021-06-02,1330.99,1344.98,1330.82,1340.78,755624100,VNINDEX
2021-06-03,1345.21,1366.0,1345.21,1364.28,856882400,VNINDEX
2021-06-04,1367.06,1374.05,1360.42,1374.05,887731100,VNINDEX
2021-06-07,1374.59,1375.74,1347.21,1358.78,840122900,VNINDEX
2021-06-08,1355.36,1364.48,1318.11,1319.88,874573200,VNINDEX
2021-06-09,1323.52,1339.14,1312.08,1332.9,769829300,VNINDEX
2021-06-10,1331.26,1336.71,1317.49,1323.58,674214800,VNINDEX
2021-06-11,1326.79,1352.47,1322.08,1351.74,705032900,VNINDEX
2021-06-14,1352.73,1368.53,1352.73,1361.72,715730800,VNINDEX
2021-06-15,1361.58,1372.72,1356.59,1367.36,706567000,VNINDEX
2021-06-16,1363.85,1370.14,1350.73,1356.52,740320300,VNINDEX
2021-06-17,1341.06,1364.55,1337.49,1359.92,712336800,VNINDEX
2021-06-18,1366.19,1377.77,1363.52,1377.77,750587000,VNINDEX
2021-06-21,1373.59,1381.74,1367.85,1372.63,731280000,VNINDEX
2021-06-22,1380.84,1385.98,1375.0,1379.97,694747200,VNINDEX
2021-06-23,1383.15,1388.33,1372.06,1376.87,644736300,VNINDEX
2021-06-24,1380.07,1384.71,1372.99,1379.72,538103500,VNINDEX
2021-06-25,1382.11,1390.12,1372.8,1390.12,518602200,VNINDEX
2021-06-28,1397.96,1406.02,1390.56,1405.81,654617700,VNINDEX
2021-06-29,1408.34,1416.34,1406.87,1410.04,609604200,VNINDEX
2021-06-30,1410.83,1419.61,1408.18,1408.55,532318900,VNINDEX
2021-07-01,1412.15,1417.27,1402.18,1417.08,699282500,VNINDEX
2021-07-02,1422.89,1424.28,1415.82,1420.27,653610300,VNINDEX
2021-07-05,1421.52,1421.52,1394.12,1411.13,774451500,VNINDEX
2021-07-06,1412.93,1418.99,1354.79,1354.79,773512600,VNINDEX
2021-07-07,1362.48,1388.55,1334.58,1388.55,735221266,VNINDEX
2021-07-08,1381.11,1385.75,1363.92,1374.68,528832600,VNINDEX
2021-07-09,1365.22,1373.51,1335.9,1347.14,713991100,VNINDEX
2021-07-12,1338.5,1340.65,1270.06,1296.3,912737200,VNINDEX
2021-07-13,1305.36,1307.73,1278.3,1297.54,500178900,VNINDEX
2021-07-14,1297.41,1305.37,1264.68,1279.91,547973900,VNINDEX
2021-07-15,1270.77,1299.18,1270.77,1293.92,419138600,VNINDEX
2021-07-16,1298.38,1304.37,1296.06,1299.31,415120500,VNINDEX
2021-07-19,1269.06,1276.55,1237.79,1243.51,675617000,VNINDEX
2021-07-20,1247.49,1273.29,1225.52,1273.29,538794200,VNINDEX
2021-07-21,1277.27,1284.33,1266.71,1270.79,395114300,VNINDEX
2021-07-22,1270.57,1294.16,1266.54,1293.67,493258000,VNINDEX
2021-07-23,1288.16,1295.63,1268.83,1268.83,550861800,VNINDEX
2021-07-26,1262.31,1277.33,1254.57,1272.71,460081000,VNINDEX
2021-07-27,1283.68,1288.35,1276.53,1276.93,519931600,VNINDEX
2021-07-28,1273.48,1281.17,1271.78,1277.07,361912000,VNINDEX
2021-07-29,1286.43,1293.6,1282.88,1293.6,445516100,VNINDEX
2021-07-30,1298.01,1311.97,1296.95,1310.05,618748500,VNINDEX
2021-08-02,1308.69,1322.35,1304.49,1314.22,587214300,VNINDEX
2021-08-03,1316.14,1332.44,1315.57,1332.44,617967000,VNINDEX
2021-08-04,1337.72,1340.76,1328.4,1334.74,626287700,VNINDEX
2021-08-05,1331.14,1346.62,1326.8,1345.55,590429600,VNINDEX
2021-08-06,1348.24,1351.85,1341.45,1341.45,682081800,VNINDEX
2021-08-09,1337.78,1361.12,1334.69,1359.86,636278900,VNINDEX
2021-08-10,1367.79,1370.35,1358.12,1362.43,677981600,VNINDEX
2021-08-11,1365.05,1374.03,1357.79,1357.79,770571200,VNINDEX
2021-08-12,1356.45,1365.01,1353.05,1353.05,716513500,VNINDEX
2021-08-13,1352.68,1357.41,1336.74,1357.05,718718300,VNINDEX
2021-08-16,1363.27,1372.33,1361.75,1370.96,798944800,VNINDEX
2021-08-17,1377.77,1379.7,1359.11,1363.09,732378200,VNINDEX
2021-08-18,1361.24,1370.5,1355.83,1360.94,641678400,VNINDEX
2021-08-19,1360.47,1374.85,1352.94,1374.85,653254900,VNINDEX
2021-08-20,1367.92,1369.39,1317.52,1329.43,1171621900,VNINDEX
2021-08-23,1322.71,1327.04,1298.86,1298.86,768105500,VNINDEX
2021-08-24,1302.9,1307.56,1289.16,1298.74,648543100,VNINDEX
2021-08-25,1300.74,1310.16,1291.7,1309.55,481772400,VNINDEX
2021-08-26,1313.36,1316.26,1295.77,1301.12,497853400,VNINDEX
2021-08-27,1295.31,1313.2,1285.16,1313.2,658578200,VNINDEX
2021-08-30,1323.39,1329.62,1318.76,1328.14,641161300,VNINDEX
2021-08-31,1332.61,1336.14,1325.69,1331.47,712344100,VNINDEX
2021-09-01,1328.54,1338.02,1328.13,1334.65,679730000,VNINDEX
2021-09-06,1340.71,1348.36,1339.8,1346.39,897202478,VNINDEX
2021-09-07,1349.13,1353.66,1340.32,1341.9,849578800,VNINDEX
2021-09-08,1343.92,1344.49,1328.35,1333.61,596039700,VNINDEX
2021-09-09,1333.62,1345.59,1332.67,1343.98,593520900,VNINDEX
2021-09-10,1349.07,1350.43,1345.07,1345.31,559050700,VNINDEX
2021-09-13,1348.09,1350.69,1340.5,1341.43,744228400,VNINDEX
2021-09-14,1343.38,1349.13,1336.84,1339.7,692214900,VNINDEX
2021-09-15,1338.11,1347.7,1334.97,1345.83,645625800,VNINDEX
2021-09-16,1351.59,1353.12,1341.23,1345.87,570520600,VNINDEX
2021-09-17,1347.49,1356.45,1347.13,1352.64,813151300,VNINDEX
2021-09-20,1361.12,1365.92,1349.19,1350.48,852479800,VNINDEX
2021-09-21,1336.55,1346.32,1324.82,1339.84,816979400,VNINDEX
2021-09-22,1343.89,1350.71,1336.63,1350.68,727734800,VNINDEX
2021-09-23,1357.76,1361.09,1350.43,1352.76,961252500,VNINDEX
2021-09-24,1354.84,1356.97,1348.07,1351.17,627564000,VNINDEX
2021-09-27,1353.53,1354.38,1324.99,1324.99,720860100,VNINDEX
2021-09-28,1319.78,1341.81,1316.41,1339.31,586855260,VNINDEX
2021-09-29,1338.72,1340.9,1328.17,1339.21,559164300,VNINDEX
2021-09-30,1341.83,1348.89,1341.15,1342.06,438294600,VNINDEX
2021-10-01,1339.89,1344.06,1332.97,1334.89,601963900,VNINDEX
2021-10-04,1337.74,1347.49,1333.53,1339.54,700605800,VNINDEX
2021-10-05,1345.43,1354.63,1343.48,1354.63,576701100,VNINDEX
2021-10-06,1359.63,1362.82,1355.0,1362.82,594012900,VNINDEX
2021-10-07,1365.34,1367.64,1360.57,1365.99,658670400,VNINDEX
2021-10-08,1369.14,1373.18,1365.93,1372.73,603842600,VNINDEX
2021-10-11,1377.53,1394.64,1377.3,1394.09,721458300,VNINDEX
2021-10-12,1398.03,1400.78,1389.43,1394.8,707770000,VNINDEX
2021-10-13,1397.93,1400.67,1389.61,1391.91,608348500,VNINDEX
2021-10-14,1392.88,1398.67,1388.89,1391.85,690243000,VNINDEX
2021-10-15,1395.81,1399.03,1388.0,1392.7,743666800,VNINDEX
2021-10-18,1395.57,1402.63,1390.88,1395.53,764032400,VNINDEX
2021-10-19,1395.84,1399.66,1388.95,1395.33,605953600,VNINDEX
2021-10-20,1398.45,1401.76,1376.15,1393.8,804215000,VNINDEX
2021-10-21,1397.6,1398.45,1384.77,1384.77,681412600,VNINDEX
2021-10-22,1388.66,1393.7,1385.53,1389.24,746799700,VNINDEX
2021-10-25,1395.56,1395.72,1385.4,1385.4,868073700,VNINDEX
2021-10-26,1384.12,1393.0,1377.56,1391.63,704247920,VNINDEX
2021-10-27,1397.51,1423.02,1395.83,1423.02,857757533,VNINDEX
2021-10-28,1427.9,1440.64,1420.42,1438.01,826726500,VNINDEX
2021-10-29,1439.27,1447.62,1432.19,1444.27,946189100,VNINDEX
2021-11-01,1449.36,1451.81,1435.57,1438.97,1092936400,VNINDEX
2021-11-02,1439.71,1452.46,1438.83,1452.46,972155400,VNINDEX
2021-11-03,1458.85,1463.63,1440.67,1444.3,1455441700,VNINDEX
2021-11-04,1442.89,1451.98,1435.84,1448.34,890357900,VNINDEX
2021-11-05,1450.53,1459.93,1444.51,1456.51,844497200,VNINDEX
2021-11-08,1461.61,1470.49,1456.9,1467.57,912755000,VNINDEX
2021-11-09,1469.94,1474.2,1457.57,1461.5,1004823480,VNINDEX
2021-11-10,1465.1,1470.19,1457.98,1465.02,955160600,VNINDEX
2021-11-11,1469.22,1472.89,1449.18,1462.35,1206887000,VNINDEX
2021-11-12,1464.15,1474.98,1453.22,1473.37,908646000,VNINDEX
2021-11-15,1481.51,1481.96,1466.01,1476.57,1146225600,VNINDEX
2021-11-16,1472.83,1476.97,1459.08,1466.45,1157402400,VNINDEX
2021-11-17,1466.93,1477.04,1464.78,1475.85,828629100,VNINDEX
2021-11-18,1479.51,1482.87,1469.83,1469.83,1052272200,VNINDEX
2021-11-19,1474.6,1481.53,1434.69,1452.35,1490882800,VNINDEX
2021-11-22,1453.14,1466.46,1442.85,1447.25,1209419000,VNINDEX
2021-11-23,1442.8,1463.63,1438.41,1463.63,839875300,VNINDEX
2021-11-24,1470.78,1491.05,1467.29,1488.87,1073235900,VNINDEX
2021-11-25,1496.41,1505.36,1490.32,1500.81,953098400,VNINDEX
2021-11-26,1506.69,1511.68,1488.83,1493.03,1006637100,VNINDEX
2021-11-29,1464.83,1488.93,1464.83,1484.84,983072000,VNINDEX
2021-11-30,1496.98,1503.09,1471.57,1478.44,1049366600,VNINDEX
2021-12-01,1477.68,1487.68,1471.3,1485.19,837551800,VNINDEX
2021-12-02,1489.03,1493.84,1482.05,1482.05,745629400,VNINDEX
2021-12-03,1489.54,1491.2,1443.32,1443.32,1034480600,VNINDEX
2021-12-06,1445.61,1452.55,1400.87,1413.58,1013743700,VNINDEX
2021-12-07,1425.99,1446.77,1421.6,1446.77,691695900,VNINDEX
2021-12-08,1451.94,1460.28,1447.88,1452.87,732009400,VNINDEX
2021-12-09,1447.59,1467.98,1446.88,1467.98,631261500,VNINDEX
2021-12-10,1469.83,1475.85,1461.78,1463.54,780120100,VNINDEX
2021-12-13,1471.96,1481.7,1470.08,1476.21,816655200,VNINDEX
2021-12-14,1476.76,1485.14,1469.21,1476.02,914795700,VNINDEX
2021-12-15,1476.5,1481.67,1468.21,1475.5,861484300,VNINDEX
2021-12-16,1481.85,1482.32,1468.95,1476.61,889612700,VNINDEX
2021-12-17,1481.76,1487.73,1479.79,1479.79,1065320100,VNINDEX
2021-12-20,1483.8,1483.8,1468.88,1477.33,906869900,VNINDEX
2021-12-21,1474.68,1486.09,1472.43,1478.74,866421100,VNINDEX
2021-12-22,1484.9,1489.24,1471.84,1477.67,1031093800,VNINDEX
2021-12-23,1480.56,1481.21,1447.14,1456.96,1266412300,VNINDEX
2021-12-24,1462.97,1478.8,1456.32,1477.03,855008900,VNINDEX
2021-12-27,1483.64,1490.12,1469.91,1488.88,715824500,VNINDEX
2021-12-28,1494.9,1499.77,1483.97,1494.39,932384700,VNINDEX
2021-12-29,1497.79,1498.91,1485.82,1485.82,793769800,VNINDEX
2021-12-30,1490.96,1493.38,1484.82,1485.97,724365200,VNINDEX
2021-12-31,1490.17,1499.07,1489.71,1498.28,846534300,VNINDEX
2022-01-04,1508.55,1526.69,1507.19,1525.58,839676500,VNINDEX
2022-01-05,1531.5,1535.82,1522.5,1522.5,987023800,VNINDEX
2022-01-06,1519.72,1536.24,1518.18,1528.57,1087239800,VNINDEX
2022-01-07,1534.1,1534.52,1524.96,1528.48,951525400,VNINDEX
2022-01-10,1530.3,1536.45,1503.71,1503.71,1326487608,VNINDEX
2022-01-11,1505.66,1512.05,1488.4,1492.31,1219558100,VNINDEX
2022-01-12,1489.11,1510.51,1464.49,1510.51,1104610300,VNINDEX
2022-01-13,1518.44,1522.6,1495.13,1496.05,977115800,VNINDEX
2022-01-14,1477.63,1503.25,1476.68,1496.02,734088500,VNINDEX
2022-01-17,1499.28,1503.86,1452.84,1452.84,926487900,VNINDEX
2022-01-18,1439.29,1452.14,1424.65,1438.94,691087800,VNINDEX
2022-01-19,1438.68,1449.11,1434.46,1442.79,557995700,VNINDEX
2022-01-20,1438.99,1469.08,1432.58,1465.3,762449400,VNINDEX
2022-01-21,1472.02,1477.23,1463.06,1472.89,784569900,VNINDEX
2022-01-24,1465.59,1467.99,1432.18,1439.71,796675500,VNINDEX
2022-01-25,1429.65,1479.58,1424.36,1479.58,706092300,VNINDEX
2022-01-26,1485.73,1490.45,1478.41,1481.58,767576600,VNINDEX
2022-01-27,1477.15,1486.39,1464.06,1470.76,522667600,VNINDEX
2022-01-28,1468.23,1484.48,1465.22,1478.96,663924300,VNINDEX
2022-02-07,1498.8,1505.69,1493.89,1497.66,551698200,VNINDEX
2022-02-08,1496.26,1503.33,1491.78,1500.99,697228100,VNINDEX
2022-02-09,1501.67,1511.72,1499.53,1505.38,754188100,VNINDEX
2022-02-10,1510.66,1512.88,1495.7,1506.79,628938000,VNINDEX
2022-02-11,1502.83,1508.54,1499.06,1501.71,577407200,VNINDEX
2022-02-14,1486.73,1495.99,1471.96,1471.96,752628900,VNINDEX
2022-02-15,1473.92,1495.56,1470.06,1492.75,572156100,VNINDEX
2022-02-16,1499.07,1499.5,1486.68,1492.1,617187300,VNINDEX
2022-02-17,1494.02,1507.99,1492.49,1507.99,588111300,VNINDEX
2022-02-18,1494.3,1507.29,1492.38,1504.84,672537800,VNINDEX
2022-02-21,1504.96,1516.63,1500.97,1510.84,737693400,VNINDEX
2022-02-22,1499.18,1506.38,1484.81,1503.47,875383700,VNINDEX
2022-02-23,1509.12,1520.78,1507.37,1512.3,660165300,VNINDEX
2022-02-24,1508.73,1513.25,1473.76,1494.85,1133051100,VNINDEX
2022-02-25,1504.55,1512.05,1498.89,1498.89,736050400,VNINDEX
2022-02-28,1499.43,1502.36,1487.57,1490.13,693212400,VNINDEX
2022-03-01,1493.93,1501.73,1491.48,1498.78,796368600,VNINDEX
2022-03-02,1499.37,1500.41,1479.55,1485.52,914957200,VNINDEX
2022-03-03,1492.48,1505.0,1487.69,1505.0,902783400,VNINDEX
2022-03-04,1506.79,1509.19,1501.39,1505.33,873323700,VNINDEX
2022-03-07,1500.65,1505.32,1493.87,1499.05,941752700,VNINDEX
2022-03-08,1487.37,1495.97,1473.71,1473.71,982168800,VNINDEX
2022-03-09,1478.43,1482.86,1462.8,1473.74,888352600,VNINDEX
2022-03-10,1485.11,1488.59,1479.08,1479.08,629092200,VNINDEX
2022-03-11,1478.44,1480.29,1458.88,1466.54,855643700,VNINDEX
2022-03-14,1459.28,1461.06,1439.19,1446.25,815892100,VNINDEX
2022-03-15,1444.92,1453.07,1437.27,1452.74,641644500,VNINDEX
2022-03-16,1459.68,1462.98,1453.91,1459.33,544662700,VNINDEX
2022-03-17,1466.56,1467.74,1459.14,1461.34,683175800,VNINDEX
2022-03-18,1467.67,1474.86,1465.57,1469.1,745610800,VNINDEX
2022-03-21,1474.78,1494.95,1474.38,1494.95,727377200,VNINDEX
2022-03-22,1500.08,1507.71,1498.48,1503.78,905037000,VNINDEX
2022-03-23,1505.76,1513.9,1501.67,1502.34,788727300,VNINDEX
2022-03-24,1503.91,1505.39,1495.18,1498.26,753772900,VNINDEX
2022-03-25,1500.17,1503.29,1494.55,1498.5,724086800,VNINDEX
2022-03-28,1490.44,1496.79,1473.8,1483.18,988984900,VNINDEX
2022-03-29,1487.57,1498.45,1487.57,1497.76,692698570,VNINDEX
2022-03-30,1491.92,1503.89,1483.9,1490.51,880911900,VNINDEX
2022-03-31,1492.5,1498.41,1488.27,1492.15,633286300,VNINDEX
2022-04-01,1489.48,1516.87,1484.13,1516.44,881661100,VNINDEX
2022-04-04,1528.87,1530.95,1522.82,1524.7,734587100,VNINDEX
2022-04-05,1521.4,1527.57,1519.28,1520.03,663110500,VNINDEX
2022-04-06,1510.69,1523.75,1507.62,1522.9,912695000,VNINDEX
2022-04-07,1524.12,1524.92,1502.35,1502.35,763664700,VNINDEX
2022-04-08,1504.31,1507.73,1482.0,1482.0,741103600,VNINDEX
2022-04-12,1487.94,1490.58,1455.25,1455.25,656188800,VNINDEX
2022-04-13,1459.48,1477.2,1448.52,1477.2,636344500,VNINDEX
2022-04-14,1483.08,1484.34,1471.75,1472.12,498914000,VNINDEX
2022-04-15,1470.32,1478.95,1456.39,1458.56,639722900,VNINDEX
2022-04-18,1455.04,1456.07,1425.07,1432.6,790646000,VNINDEX
2022-04-19,1435.82,1442.04,1406.45,1406.45,666337000,VNINDEX
2022-04-20,1401.63,1410.64,1384.72,1384.72,652803300,VNINDEX
2022-04-21,1369.8,1392.33,1356.58,1370.21,741348500,VNINDEX
2022-04-22,1378.28,1392.89,1352.43,1379.23,799900600,VNINDEX
2022-04-25,1377.75,1382.13,1298.38,1310.92,696873600,VNINDEX
2022-04-26,1285.4,1341.34,1261.4,1341.34,673169600,VNINDEX
2022-04-27,1331.73,1355.92,1314.81,1353.77,485006800,VNINDEX
2022-04-28,1353.48,1358.07,1344.1,1350.99,458334600,VNINDEX
2022-04-29,1347.08,1369.31,1343.24,1366.8,532838100,VNINDEX
2022-05-04,1366.11,1366.39,1348.68,1348.68,498884800,VNINDEX
2022-05-05,1361.62,1362.18,1331.41,1360.68,510234300,VNINDEX
2022-05-06,1333.55,1350.09,1328.13,1329.26,510678900,VNINDEX
2022-05-09,1313.49,1314.52,1265.54,1269.62,627609200,VNINDEX
2022-05-10,1240.93,1293.56,1232.57,1293.56,600766800,VNINDEX
2022-05-11,1295.39,1305.17,1277.91,1301.53,380880400,VNINDEX
2022-05-12,1290.4,1291.65,1238.05,1238.84,516642600,VNINDEX
2022-05-13,1235.03,1237.8,1180.6,1182.77,736096200,VNINDEX
2022-05-16,1208.05,1215.96,1170.59,1171.95,551353400,VNINDEX
2022-05-17,1164.32,1228.37,1156.54,1228.37,542868100,VNINDEX
2022-05-18,1240.06,1249.84,1222.92,1240.76,514538800,VNINDEX
2022-05-19,1211.31,1246.66,1211.07,1241.64,459858400,VNINDEX
2022-05-20,1240.72,1252.96,1232.33,1240.71,465793600,VNINDEX
2022-05-23,1246.56,1246.58,1207.99,1218.81,488979100,VNINDEX
2022-05-24,1218.87,1233.38,1203.28,1233.38,479498700,VNINDEX
2022-05-25,1238.52,1268.43,1234.17,1268.43,616951500,VNINDEX
2022-05-26,1273.8,1278.11,1261.55,1268.57,514352700,VNINDEX
2022-05-27,1270.56,1286.99,1269.29,1285.45,578174500,VNINDEX
2022-05-30,1290.11,1296.22,1281.27,1293.92,499452600,VNINDEX
2022-05-31,1288.63,1297.64,1280.44,1292.68,543596100,VNINDEX
2022-06-01,1289.56,1302.25,1286.01,1299.52,505619500,VNINDEX
2022-06-02,1300.58,1302.66,1283.32,1288.62,527625000,VNINDEX
2022-06-03,1284.62,1292.78,1276.37,1287.98,430601700,VNINDEX
2022-06-06,1290.04,1302.14,1281.95,1290.01,541562900,VNINDEX
2022-06-07,1285.07,1291.35,1260.92,1291.35,625987600,VNINDEX
2022-06-08,1297.56,1316.78,1294.27,1307.91,543305900,VNINDEX
2022-06-09,1310.35,1312.44,1300.85,1307.8,436340700,VNINDEX
2022-06-10,1298.78,1309.59,1284.08,1284.08,561068400,VNINDEX
2022-06-13,1251.08,1261.54,1226.01,1227.04,709415500,VNINDEX
2022-06-14,1213.44,1239.36,1211.13,1230.31,519177100,VNINDEX
2022-06-15,1231.23,1235.56,1195.19,1213.93,626914600,VNINDEX
2022-06-16,1227.24,1246.32,1223.0,1236.63,522295400,VNINDEX
2022-06-17,1210.5,1220.41,1191.92,1217.3,683884000,VNINDEX
2022-06-20,1218.37,1221.6,1180.4,1180.4,620002900,VNINDEX
2022-06-21,1172.98,1189.97,1162.94,1172.47,607711900,VNINDEX
2022-06-22,1180.11,1185.86,1162.98,1169.27,529135300,VNINDEX
2022-06-23,1162.06,1188.88,1162.06,1188.88,380442900,VNINDEX
2022-06-24,1190.82,1196.85,1185.48,1185.48,410876800,VNINDEX
2022-06-27,1189.12,1203.51,1187.38,1202.82,429735700,VNINDEX
2022-06-28,1202.41,1221.74,1198.99,1218.1,534186600,VNINDEX
2022-06-29,1208.22,1219.58,1207.38,1218.09,519299900,VNINDEX
2022-06-30,1218.22,1220.51,1197.6,1197.6,471576000,VNINDEX
2022-07-01,1193.04,1202.41,1170.95,1198.9,498479000,VNINDEX
2022-07-04,1206.47,1208.96,1192.63,1195.53,403314600,VNINDEX
2022-07-05,1198.42,1200.99,1181.29,1181.29,559493000,VNINDEX
2022-07-06,1167.25,1175.26,1147.63,1149.61,511773800,VNINDEX
2022-07-07,1148.97,1166.48,1142.8,1166.48,362816600,VNINDEX
2022-07-08,1174.53,1177.18,1164.23,1171.31,437189300,VNINDEX
2022-07-11,1161.3,1165.23,1144.55,1155.29,488732000,VNINDEX
2022-07-12,1154.31,1174.82,1153.55,1174.82,475429100,VNINDEX
2022-07-13,1173.46,1182.21,1170.92,1173.92,522379700,VNINDEX
2022-07-14,1170.7,1182.17,1170.04,1182.17,490512400,VNINDEX
2022-07-15,1183.15,1189.66,1178.12,1179.25,543854200,VNINDEX
2022-07-18,1184.74,1184.93,1174.7,1176.49,480514500,VNINDEX
2022-07-19,1176.1,1180.46,1168.99,1178.33,479006800,VNINDEX
2022-07-20,1188.12,1198.63,1185.82,1194.14,601098600,VNINDEX
2022-07-21,1195.03,1201.91,1194.97,1198.47,500624000,VNINDEX
2022-07-22,1199.16,1202.69,1194.76,1194.76,448428100,VNINDEX
2022-07-25,1191.43,1198.16,1184.32,1188.5,410066000,VNINDEX
2022-07-26,1189.2,1194.15,1184.44,1185.07,388328300,VNINDEX
2022-07-27,1180.83,1191.04,1178.58,1191.04,387799200,VNINDEX
2022-07-28,1201.77,1214.03,1198.68,1208.12,620546700,VNINDEX
2022-07-29,1214.32,1217.84,1206.33,1206.33,537058300,VNINDEX
2022-08-01,1209.05,1231.35,1209.04,1231.35,681871300,VNINDEX
2022-08-02,1230.31,1241.91,1224.11,1241.62,734388200,VNINDEX
2022-08-03,1233.84,1250.2,1232.41,1249.76,702381600,VNINDEX
2022-08-04,1252.49,1257.38,1247.38,1254.15,655935800,VNINDEX
2022-08-05,1250.25,1253.75,1245.05,1252.74,604391400,VNINDEX
2022-08-08,1252.36,1258.84,1252.04,1256.75,634015600,VNINDEX
2022-08-09,1260.36,1263.14,1252.84,1258.85,655262300,VNINDEX
2022-08-10,1255.69,1260.36,1253.89,1256.5,584384800,VNINDEX
2022-08-11,1267.37,1268.03,1245.85,1252.07,765336500,VNINDEX
2022-08-12,1250.66,1262.33,1248.65,1262.33,508817800,VNINDEX
2022-08-15,1268.56,1274.24,1267.14,1274.2,585580500,VNINDEX
2022-08-16,1274.08,1275.93,1271.11,1274.69,569526100,VNINDEX
2022-08-17,1276.78,1280.61,1271.97,1275.28,644581600,VNINDEX
2022-08-18,1273.45,1283.15,1268.64,1273.66,558424300,VNINDEX
2022-08-19,1272.23,1280.0,1263.45,1269.18,568209800,VNINDEX
2022-08-22,1264.64,1270.57,1255.83,1260.43,566785900,VNINDEX
2022-08-23,1253.45,1270.81,1253.45,1270.81,520796300,VNINDEX
2022-08-24,1275.57,1280.36,1272.33,1277.16,519810800,VNINDEX
2022-08-25,1280.39,1289.18,1280.28,1288.88,562124700,VNINDEX
2022-08-26,1291.29,1295.12,1280.05,1282.57,614354500,VNINDEX
2022-08-29,1263.43,1270.8,1249.17,1270.8,793997300,VNINDEX
2022-08-30,1274.97,1287.65,1274.0,1279.39,473770000,VNINDEX
2022-08-31,1276.49,1285.29,1274.99,1280.51,462420100,VNINDEX
2022-09-05,1280.26,1285.7,1275.35,1277.35,466166300,VNINDEX
2022-09-06,1279.58,1286.92,1277.4,1277.4,537987600,VNINDEX
2022-09-07,1274.6,1275.07,1243.17,1243.17,796593600,VNINDEX
2022-09-08,1251.06,1251.36,1234.6,1234.6,557779800,VNINDEX
2022-09-09,1241.26,1248.78,1228.54,1248.78,542039800,VNINDEX
2022-09-12,1255.0,1257.8,1248.97,1249.62,390724336,VNINDEX
2022-09-13,1251.1,1252.35,1243.87,1248.4,410707381,VNINDEX
2022-09-14,1229.76,1242.17,1228.51,1240.77,574337899,VNINDEX
2022-09-15,1247.34,1250.93,1243.45,1245.66,385727500,VNINDEX
2022-09-16,1243.38,1246.17,1230.37,1234.03,594453000,VNINDEX
2022-09-19,1231.45,1233.46,1202.07,1205.43,641803999,VNINDEX
2022-09-20,1212.08,1218.93,1199.71,1218.93,412723400,VNINDEX
2022-09-21,1213.47,1217.28,1204.68,1210.55,325527500,VNINDEX
2022-09-22,1200.34,1214.7,1196.64,1214.7,435982100,VNINDEX
2022-09-23,1212.61,1216.59,1201.45,1203.28,443208000,VNINDEX
2022-09-26,1186.41,1190.27,1159.12,1174.35,701894100,VNINDEX
2022-09-27,1177.51,1180.75,1166.44,1166.54,415135800,VNINDEX
2022-09-28,1158.53,1162.6,1142.79,1143.62,496730000,VNINDEX
2022-09-29,1157.09,1159.49,1126.07,1126.07,415993300,VNINDEX
2022-09-30,1115.2,1135.47,1099.44,1132.11,612447100,VNINDEX
2022-10-03,1124.46,1126.46,1079.86,1086.44,501911900,VNINDEX
2022-10-04,1095.73,1100.42,1069.74,1078.14,513862500,VNINDEX
2022-10-05,1092.08,1110.21,1092.08,1104.26,396842100,VNINDEX
2022-10-06,1105.31,1106.97,1072.57,1074.52,499954800,VNINDEX
2022-10-07,1061.93,1062.23,1022.38,1035.91,788668100,VNINDEX
2022-10-10,1019.67,1051.02,1012.94,1042.48,541876100,VNINDEX
2022-10-11,1036.39,1036.42,998.64,1006.2,580908400,VNINDEX
2022-10-12,1006.1,1039.44,1002.89,1034.81,532825500,VNINDEX
2022-10-13,1035.33,1050.99,1025.04,1050.99,402643700,VNINDEX
2022-10-14,1063.07,1068.12,1055.29,1061.85,506303900,VNINDEX
2022-10-17,1053.46,1054.05,1033.59,1051.58,435723100,VNINDEX
2022-10-18,1065.6,1071.74,1057.71,1063.66,466433900,VNINDEX
2022-10-19,1065.08,1065.99,1052.29,1060.07,343358600,VNINDEX
2022-10-20,1056.14,1065.28,1048.21,1058.45,352499633,VNINDEX
2022-10-21,1059.03,1059.03,1013.69,1019.82,642204890,VNINDEX
2022-10-24,1021.25,1023.51,977.41,986.15,547149700,VNINDEX
2022-10-25,980.47,1011.39,962.45,997.7,670274300,VNINDEX
2022-10-26,1000.71,1004.55,984.71,993.36,352376800,VNINDEX
2022-10-27,994.82,1028.01,990.48,1028.01,572328800,VNINDEX
2022-10-28,1036.27,1044.57,1026.53,1027.36,515678504,VNINDEX
2022-10-31,1028.24,1030.32,1005.0,1027.94,581502900,VNINDEX
2022-11-01,1034.77,1043.53,1027.39,1033.75,575844000,VNINDEX
2022-11-02,1033.51,1034.73,1018.64,1023.19,503277300,VNINDEX
2022-11-03,1011.41,1023.95,1010.65,1019.81,404442900,VNINDEX
2022-11-04,1008.23,1009.96,974.61,997.15,694725300,VNINDEX
2022-11-07,989.74,996.18,969.61,975.19,534028098,VNINDEX
2022-11-08,960.93,981.86,956.97,981.65,542470500,VNINDEX
2022-11-09,983.62,994.79,977.93,985.59,466326374,VNINDEX
2022-11-10,974.76,976.31,935.78,947.24,637622500,VNINDEX
2022-11-11,954.95,966.7,949.49,954.53,646268900,VNINDEX
2022-11-14,939.94,945.29,923.53,941.04,599293000,VNINDEX
2022-11-15,926.08,929.06,900.17,911.9,589035500,VNINDEX
2022-11-16,876.0,945.42,873.78,942.9,934066100,VNINDEX
2022-11-17,952.91,972.88,950.9,969.26,589534338,VNINDEX
2022-11-18,967.18,971.77,939.73,969.33,833780900,VNINDEX
2022-11-21,971.58,973.19,956.77,960.65,524103800,VNINDEX
2022-11-22,953.78,985.28,948.52,952.12,978712600,VNINDEX
2022-11-23,947.81,958.61,942.02,946.0,488928200,VNINDEX
2022-11-24,942.86,950.03,934.31,947.71,482211800,VNINDEX
2022-11-25,956.62,971.46,955.53,971.46,554365940,VNINDEX
2022-11-28,979.68,1006.22,979.48,1005.69,872397100,VNINDEX
2022-11-29,1008.85,1032.16,998.56,1032.16,1101690200,VNINDEX
2022-11-30,1037.44,1048.42,1021.54,1048.42,956511200,VNINDEX
2022-12-01,1057.97,1066.28,1035.62,1036.28,1263319699,VNINDEX
2022-12-02,1032.67,1080.01,1030.81,1080.01,1014240600,VNINDEX
2022-12-05,1090.97,1099.45,1082.59,1093.67,1112166795,VNINDEX
2022-12-06,1088.9,1089.63,1048.69,1048.69,1356936200,VNINDEX
2022-12-07,1046.72,1059.79,1034.92,1041.02,827930300,VNINDEX
2022-12-08,1055.21,1078.09,1045.98,1050.53,873712400,VNINDEX
2022-12-09,1056.85,1061.21,1041.39,1051.81,725620200,VNINDEX
2022-12-12,1059.55,1065.16,1032.07,1032.07,808782100,VNINDEX
2022-12-13,1035.76,1047.45,1026.3,1047.45,735828900,VNINDEX
2022-12-14,1062.18,1062.18,1046.43,1050.43,667860400,VNINDEX
2022-12-15,1049.16,1062.61,1049.06,1055.32,665769400,VNINDEX
2022-12-16,1048.62,1064.79,1047.16,1052.48,790237300,VNINDEX
2022-12-19,1053.91,1065.59,1038.4,1038.4,852324700,VNINDEX
2022-12-20,1035.82,1038.74,1010.08,1023.13,954038800,VNINDEX
2022-12-21,1033.34,1033.84,1005.43,1018.88,703570400,VNINDEX
2022-12-22,1026.49,1033.18,1016.54,1022.61,531712600,VNINDEX
2022-12-23,1023.69,1027.34,1013.2,1020.34,423823400,VNINDEX
2022-12-26,1019.66,1021.89,985.21,985.21,566850100,VNINDEX
2022-12-27,986.07,1007.88,983.67,1004.57,507189700,VNINDEX
2022-12-28,1008.41,1020.52,998.97,1015.66,392271900,VNINDEX
2022-12-29,1016.06,1021.96,1009.29,1009.29,371300498,VNINDEX
2022-12-30,1017.45,1017.99,1007.09,1007.09,344378600,VNINDEX
2023-01-03,1011.39,1043.9,1011.38,1043.9,518145310,VNINDEX
2023-01-04,1048.31,1052.6,1041.56,1046.35,566957000,VNINDEX
2023-01-05,1048.17,1058.14,1046.64,1055.82,496500700,VNINDEX
2023-01-06,1055.51,1065.58,1047.26,1051.44,614549000,VNINDEX
2023-01-09,1058.28,1062.12,1050.95,1054.21,386345500,VNINDEX
2023-01-10,1054.84,1057.44,1045.75,1053.35,423409835,VNINDEX
2023-01-11,1058.25,1065.69,1054.53,1055.76,508219700,VNINDEX
2023-01-12,1058.51,1060.97,1050.27,1056.39,384586029,VNINDEX
2023-01-13,1060.71,1066.39,1055.23,1060.17,475699600,VNINDEX
2023-01-16,1062.27,1067.74,1057.87,1066.68,408111100,VNINDEX
2023-01-17,1071.37,1088.29,1069.86,1088.29,592759400,VNINDEX
2023-01-18,1092.5,1100.39,1089.56,1098.28,553782600,VNINDEX
2023-01-19,1095.53,1111.72,1094.46,1108.08,578271400,VNINDEX
2023-01-27,1114.15,1124.3,1111.41,1117.1,571615000,VNINDEX
2023-01-30,1117.66,1118.46,1102.57,1102.57,751461500,VNINDEX
2023-01-31,1100.4,1111.18,1088.25,1111.18,653586100,VNINDEX
2023-02-01,1114.68,1116.96,1075.97,1075.97,974095334,VNINDEX
2023-02-02,1079.69,1083.36,1070.81,1077.59,592697450,VNINDEX
2023-02-03,1078.8,1081.89,1070.46,1077.15,506090100,VNINDEX
2023-02-06,1072.53,1089.29,1067.24,1089.29,415388100,VNINDEX
2023-02-07,1088.07,1092.12,1065.18,1065.84,594950572,VNINDEX
2023-02-08,1067.58,1079.51,1063.5,1072.22,480268400,VNINDEX
2023-02-09,1070.07,1075.2,1064.03,1064.03,383279200,VNINDEX
2023-02-10,1066.16,1066.28,1054.08,1055.3,405865100,VNINDEX
2023-02-13,1050.99,1054.05,1031.7,1043.7,603924900,VNINDEX
2023-02-14,1045.14,1046.64,1032.76,1038.64,338496800,VNINDEX
2023-02-15,1037.17,1051.89,1034.39,1048.2,494079200,VNINDEX
2023-02-16,1051.16,1058.29,1047.45,1058.29,410294000,VNINDEX
2023-02-17,1058.99,1062.25,1053.26,1059.31,429221700,VNINDEX
2023-02-20,1059.74,1088.01,1059.56,1086.69,632141800,VNINDEX
2023-02-21,1089.74,1095.1,1081.8,1082.23,654784700,VNINDEX
2023-02-22,1073.62,1073.93,1054.28,1054.28,766700800,VNINDEX
2023-02-23,1053.95,1054.48,1030.58,1053.66,635726600,VNINDEX
2023-02-24,1051.58,1052.49,1034.66,1039.56,397316790,VNINDEX
2023-02-27,1029.55,1031.59,1017.55,1021.25,513919000,VNINDEX
2023-02-28,1027.74,1034.36,1018.72,1024.68,361724100,VNINDEX
2023-03-01,1023.29,1040.55,1013.37,1040.55,468710710,VNINDEX
2023-03-02,1039.0,1043.8,1033.07,1037.61,323460600,VNINDEX
2023-03-03,1038.1,1041.82,1022.78,1024.77,384762000,VNINDEX
2023-03-06,1032.68,1042.43,1026.73,1027.18,390065700,VNINDEX
2023-03-07,1033.96,1043.92,1033.32,1037.84,424641600,VNINDEX
2023-03-08,1028.77,1049.18,1027.8,1049.18,480632600,VNINDEX
2023-03-09,1050.61,1060.56,1049.45,1055.95,557648200,VNINDEX
2023-03-10,1050.53,1053.86,1046.31,1053.0,456782100,VNINDEX
2023-03-13,1046.95,1055.58,1045.46,1052.8,524575300,VNINDEX
2023-03-14,1049.3,1051.56,1034.72,1040.13,559130000,VNINDEX
2023-03-15,1052.06,1062.55,1049.26,1062.19,549186800,VNINDEX
2023-03-16,1056.15,1058.73,1043.65,1047.4,464145188,VNINDEX
2023-03-17,1053.37,1055.42,1043.54,1045.14,491829800,VNINDEX
2023-03-20,1041.91,1042.6,1022.71,1023.1,476089300,VNINDEX
2023-03-21,1028.83,1036.15,1017.05,1032.43,381502000,VNINDEX
2023-03-22,1035.84,1042.84,1033.73,1040.54,382708900,VNINDEX
2023-03-23,1035.33,1045.1,1030.93,1045.1,369605000,VNINDEX
2023-03-24,1047.1,1052.29,1044.02,1046.79,506946000,VNINDEX
2023-03-27,1047.78,1053.78,1041.99,1052.25,510473100,VNINDEX
2023-03-28,1055.57,1059.83,1051.75,1054.29,583110300,VNINDEX
2023-03-29,1055.18,1056.33,1048.26,1056.33,415123604,VNINDEX
2023-03-30,1061.32,1066.23,1058.89,1059.44,555220667,VNINDEX
2023-03-31,1060.0,1067.55,1059.85,1064.64,574243800,VNINDEX
2023-04-03,1074.69,1079.28,1071.62,1079.28,778917800,VNINDEX
2023-04-04,1081.36,1082.21,1075.1,1078.45,746158000,VNINDEX
2023-04-05,1079.06,1080.86,1074.1,1080.86,706897680,VNINDEX
2023-04-06,1083.27,1084.52,1070.91,1070.91,955334562,VNINDEX
2023-04-07,1071.09,1072.94,1063.7,1069.71,600671088,VNINDEX
2023-04-10,1073.86,1075.54,1063.45,1065.35,789212128,VNINDEX
2023-04-11,1063.64,1070.56,1056.9,1069.46,642643084,VNINDEX
2023-04-12,1071.61,1072.7,1066.43,1069.45,660871916,VNINDEX
2023-04-13,1070.96,1070.96,1062.26,1064.3,595747688,VNINDEX
2023-04-14,1067.21,1068.79,1052.89,1052.89,724480200,VNINDEX
2023-04-17,1052.99,1054.72,1049.11,1053.81,406565600,VNINDEX
2023-04-18,1055.85,1057.15,1050.89,1055.02,494431200,VNINDEX
2023-04-19,1057.88,1058.14,1047.47,1048.98,496274699,VNINDEX
2023-04-20,1050.02,1051.86,1045.85,1049.25,332580000,VNINDEX
2023-04-21,1050.1,1050.4,1041.26,1042.91,512429096,VNINDEX
2023-04-24,1045.28,1047.18,1038.36,1041.36,451137200,VNINDEX
2023-04-25,1045.87,1045.87,1032.49,1034.85,485690830,VNINDEX
2023-04-26,1034.02,1040.8,1029.19,1040.8,431573300,VNINDEX
2023-04-27,1041.39,1044.25,1037.62,1039.63,466451198,VNINDEX
2023-04-28,1043.17,1049.12,1042.04,1049.12,571688987,VNINDEX
2023-05-04,1046.05,1048.16,1038.18,1040.61,571589992,VNINDEX
2023-05-05,1040.12,1043.22,1036.69,1040.31,439888399,VNINDEX
2023-05-08,1043.44,1053.44,1043.44,1053.44,591247596,VNINDEX
2023-05-09,1055.42,1058.71,1052.68,1053.77,502515296,VNINDEX
2023-05-10,1055.62,1058.67,1053.34,1058.26,650680589,VNINDEX
2023-05-11,1060.75,1063.69,1056.72,1057.12,681482895,VNINDEX
2023-05-12,1057.7,1066.9,1053.97,1066.9,688543798,VNINDEX
2023-05-15,1074.82,1076.32,1065.71,1065.71,783695292,VNINDEX
2023-05-16,1068.51,1069.27,1063.65,1065.91,592131699,VNINDEX
2023-05-17,1066.27,1069.95,1060.44,1060.44,762187700,VNINDEX
2023-05-18,1063.66,1073.41,1060.94,1068.31,590882500,VNINDEX
2023-05-19,1070.13,1070.15,1058.56,1067.07,661637199,VNINDEX
2023-05-22,1067.32,1070.64,1065.88,1070.64,634063394,VNINDEX
2023-05-23,1073.12,1073.96,1062.15,1065.85,668600299,VNINDEX
2023-05-24,1069.13,1069.61,1060.6,1061.79,682646396,VNINDEX
2023-05-25,1062.03,1065.5,1057.91,1064.63,614315098,VNINDEX
2023-05-26,1067.24,1067.28,1063.76,1063.76,595846899,VNINDEX
2023-05-29,1067.34,1077.18,1067.27,1074.98,738474496,VNINDEX
2023-05-30,1078.82,1079.31,1071.01,1078.05,816002498,VNINDEX
2023-05-31,1078.39,1079.11,1071.38,1075.17,861773099,VNINDEX
2023-06-01,1076.27,1078.39,1071.61,1078.39,820193400,VNINDEX
2023-06-02,1084.19,1092.24,1083.36,1090.84,973372400,VNINDEX
2023-06-05,1100.2,1103.81,1096.76,1097.82,893972894,VNINDEX
2023-06-06,1099.99,1108.31,1098.28,1108.31,782674898,VNINDEX
2023-06-07,1111.67,1112.28,1104.26,1109.54,930395400,VNINDEX
2023-06-08,1111.86,1115.14,1101.32,1101.32,1211637498,VNINDEX
2023-06-09,1103.11,1107.53,1097.23,1107.53,839731399,VNINDEX
2023-06-12,1110.26,1116.02,1100.08,1116.02,726269396,VNINDEX
2023-06-13,1117.43,1122.46,1116.1,1122.46,870411556,VNINDEX
2023-06-14,1124.56,1129.49,1117.42,1117.42,845985495,VNINDEX
2023-06-15,1117.06,1120.13,1112.11,1116.97,675615198,VNINDEX
2023-06-16,1121.92,1128.92,1112.51,1115.22,1075388694,VNINDEX
2023-06-19,1115.68,1117.23,1104.73,1105.4,723615794,VNINDEX
2023-06-20,1105.75,1111.72,1102.58,1111.72,593009197,VNINDEX
2023-06-21,1112.73,1118.46,1110.65,1118.46,800466000,VNINDEX
2023-06-22,1126.21,1127.54,1122.27,1125.3,828954298,VNINDEX
2023-06-23,1126.4,1130.61,1122.62,1129.38,857067499,VNINDEX
2023-06-26,1130.08,1134.0,1119.95,1132.03,955006794,VNINDEX
2023-06-27,1134.55,1136.49,1128.82,1134.33,641633695,VNINDEX
2023-06-28,1137.18,1140.56,1131.86,1138.35,772865147,VNINDEX
2023-06-29,1139.42,1140.43,1125.39,1125.39,839095975,VNINDEX
2023-06-30,1124.3,1126.33,1120.01,1120.18,543454697,VNINDEX
2023-07-03,1125.55,1128.35,1121.17,1125.5,502324145,VNINDEX
2023-07-04,1127.11,1132.12,1123.49,1132.0,638567697,VNINDEX
2023-07-05,1136.64,1138.67,1133.45,1134.62,744832500,VNINDEX
2023-07-06,1133.7,1135.81,1122.35,1126.22,870574399,VNINDEX
2023-07-07,1124.98,1138.07,1122.94,1138.07,713838698,VNINDEX
2023-07-10,1142.61,1149.02,1140.03,1149.02,814696484,VNINDEX
2023-07-11,1151.13,1157.01,1149.69,1151.77,851005596,VNINDEX
2023-07-12,1154.37,1157.43,1149.28,1154.2,696536095,VNINDEX
2023-07-13,1159.88,1165.42,1158.15,1165.42,760650797,VNINDEX
2023-07-14,1169.2,1169.84,1156.28,1168.4,973749099,VNINDEX
2023-07-17,1171.75,1174.89,1168.77,1173.13,851144583,VNINDEX
2023-07-18,1173.23,1175.7,1170.04,1174.09,755379590,VNINDEX
2023-07-19,1177.5,1178.55,1172.98,1172.98,798154192,VNINDEX
2023-07-20,1171.83,1174.39,1166.62,1172.81,739529607,VNINDEX
2023-07-21,1173.21,1185.9,1172.07,1185.9,896243350,VNINDEX
2023-07-24,1190.74,1193.22,1183.39,1190.72,988719242,VNINDEX
2023-07-25,1194.63,1199.27,1193.34,1195.9,918185101,VNINDEX
2023-07-26,1195.5,1200.84,1195.44,1200.84,848116405,VNINDEX
2023-07-27,1201.69,1203.69,1191.08,1197.33,1078941085,VNINDEX
2023-07-28,1197.33,1207.67,1195.86,1207.67,1045382889,VNINDEX
2023-07-31,1219.66,1224.81,1212.81,1222.9,1122985939,VNINDEX
2023-08-01,1230.32,1234.5,1217.56,1217.56,1156851607,VNINDEX
2023-08-02,1217.17,1223.04,1213.18,1220.43,849432857,VNINDEX
2023-08-03,1219.73,1222.35,1209.06,1210.95,978922024,VNINDEX
2023-08-04,1216.27,1228.12,1214.17,1225.98,1089199691,VNINDEX
2023-08-07,1233.1,1241.42,1230.38,1241.42,1114330606,VNINDEX
2023-08-08,1244.35,1246.22,1239.01,1242.23,1115488154,VNINDEX
2023-08-09,1240.68,1241.96,1231.28,1233.99,1011319359,VNINDEX
2023-08-10,1236.51,1238.19,1220.61,1220.61,982439649,VNINDEX
2023-08-11,1220.61,1232.21,1213.37,1232.21,983633473,VNINDEX
2023-08-14,1237.14,1239.61,1229.04,1236.84,1032950543,VNINDEX
2023-08-15,1239.42,1239.42,1230.58,1234.05,850304943,VNINDEX
2023-08-16,1239.95,1243.48,1235.27,1243.26,865529966,VNINDEX
2023-08-17,1242.58,1243.98,1233.48,1233.48,1050179969,VNINDEX
2023-08-18,1227.02,1228.98,1177.74,1177.99,1645142385,VNINDEX
2023-08-21,1177.01,1188.16,1164.63,1179.76,1000967430,VNINDEX
2023-08-22,1183.92,1184.43,1149.13,1180.49,979998015,VNINDEX
2023-08-23,1192.96,1193.79,1168.89,1172.56,653729364,VNINDEX
2023-08-24,1175.2,1189.99,1171.33,1189.39,790037659,VNINDEX
2023-08-25,1188.99,1192.59,1181.6,1183.37,812317338,VNINDEX
2023-08-28,1189.43,1202.02,1189.43,1201.72,763533796,VNINDEX
2023-08-29,1204.75,1208.78,1197.57,1204.43,904317444,VNINDEX
2023-08-30,1206.1,1213.52,1203.51,1213.16,864553394,VNINDEX
2023-08-31,1216.0,1224.84,1214.39,1224.05,887111303,VNINDEX
2023-09-05,1231.43,1236.21,1228.7,1234.98,983229313,VNINDEX
2023-09-06,1237.07,1245.5,1229.89,1245.5,1067479291,VNINDEX
2023-09-07,1248.91,1255.11,1240.82,1243.14,1099760050,VNINDEX
2023-09-08,1242.28,1248.1,1240.15,1241.48,973557774,VNINDEX
2023-09-11,1250.48,1251.37,1223.33,1223.63,1307560902,VNINDEX
2023-09-12,1227.16,1245.44,1220.85,1245.44,880807003,VNINDEX
2023-09-13,1248.94,1250.61,1232.84,1238.39,1191421122,VNINDEX
2023-09-14,1238.19,1244.21,1223.03,1223.81,1159891037,VNINDEX
2023-09-15,1228.87,1233.87,1220.27,1227.36,868066530,VNINDEX
2023-09-18,1225.6,1226.56,1203.88,1211.81,762106882,VNINDEX
2023-09-19,1215.96,1219.57,1199.85,1211.5,880970350,VNINDEX
2023-09-20,1212.7,1226.11,1209.46,1226.11,763033570,VNINDEX
2023-09-21,1226.79,1227.88,1211.65,1212.74,923868905,VNINDEX
2023-09-22,1197.49,1199.13,1174.57,1193.05,1317426015,VNINDEX
2023-09-25,1190.58,1195.62,1153.2,1153.2,994302927,VNINDEX
2023-09-26,1150.94,1163.52,1137.96,1137.96,957913520,VNINDEX
2023-09-27,1139.76,1153.85,1126.36,1153.85,777264196,VNINDEX
2023-09-28,1153.74,1155.39,1136.99,1152.43,649062289,VNINDEX
2023-09-29,1157.76,1163.88,1152.45,1154.15,535930186,VNINDEX
2023-10-02,1155.07,1161.48,1149.63,1155.25,465544840,VNINDEX
2023-10-03,1145.85,1146.59,1117.28,1118.1,940147219,VNINDEX
2023-10-04,1106.61,1133.79,1106.4,1128.67,646114090,VNINDEX
2023-10-05,1131.29,1133.12,1113.89,1113.89,556515540,VNINDEX
2023-10-06,1115.23,1129.13,1107.4,1128.54,586082252,VNINDEX
2023-10-09,1130.25,1137.36,1127.03,1137.36,545011858,VNINDEX
2023-10-10,1143.6,1150.34,1141.97,1143.69,627949941,VNINDEX
2023-10-11,1146.2,1150.81,1138.22,1150.81,496702242,VNINDEX
2023-10-12,1155.12,1156.73,1148.11,1151.61,619606940,VNINDEX
2023-10-13,1145.03,1155.1,1138.99,1154.73,593801349,VNINDEX
2023-10-16,1152.69,1157.46,1140.64,1141.42,622999673,VNINDEX
2023-10-17,1145.34,1147.89,1121.65,1121.65,566554902,VNINDEX
2023-10-18,1123.73,1125.27,1088.87,1103.4,930513934,VNINDEX
2023-10-19,1102.93,1103.65,1087.85,1087.85,615746621,VNINDEX
2023-10-20,1085.83,1108.16,1073.73,1108.03,592521786,VNINDEX
2023-10-23,1106.56,1106.8,1086.54,1093.53,500481939,VNINDEX
2023-10-24,1095.42,1107.3,1088.17,1105.9,443101606,VNINDEX
2023-10-25,1106.41,1111.39,1100.64,1101.66,482996997,VNINDEX
2023-10-26,1082.8,1083.22,1049.71,1055.45,1129481333,VNINDEX
2023-10-27,1059.41,1061.87,1037.46,1060.62,638920128,VNINDEX
2023-10-30,1054.03,1060.39,1042.4,1042.4,465836938,VNINDEX
2023-10-31,1045.6,1046.17,1025.03,1028.19,705937261,VNINDEX
2023-11-01,1029.0,1039.66,1020.01,1039.66,603502197,VNINDEX
2023-11-02,1048.62,1075.47,1045.14,1075.47,735677498,VNINDEX
2023-11-03,1081.35,1082.23,1071.11,1076.78,703784293,VNINDEX
2023-11-06,1082.21,1089.66,1081.01,1089.66,571437296,VNINDEX
2023-11-07,1086.68,1089.89,1079.42,1080.29,535907498,VNINDEX
2023-11-08,1079.14,1113.43,1075.8,1113.43,886220198,VNINDEX
2023-11-09,1116.42,1124.78,1112.13,1113.89,996859999,VNINDEX
2023-11-10,1105.75,1116.02,1101.23,1101.68,945389299,VNINDEX
2023-11-13,1103.66,1107.91,1093.19,1100.07,730190169,VNINDEX
2023-11-14,1109.08,1115.6,1101.67,1109.73,766022093,VNINDEX
2023-11-15,1124.56,1132.75,1118.74,1122.5,882281198,VNINDEX
2023-11-16,1119.98,1125.53,1114.97,1125.53,605124798,VNINDEX
2023-11-17,1128.14,1129.84,1096.16,1101.19,1175535597,VNINDEX
2023-11-20,1085.4,1111.26,1085.32,1103.66,750883197,VNINDEX
2023-11-21,1112.61,1112.77,1103.79,1110.46,601828500,VNINDEX
2023-11-22,1111.35,1115.47,1103.26,1113.82,812231497,VNINDEX
2023-11-23,1117.71,1118.54,1088.49,1088.49,952327292,VNINDEX
2023-11-24,1090.97,1095.61,1073.31,1095.61,900833627,VNINDEX
2023-11-27,1095.59,1096.84,1085.69,1088.06,507177396,VNINDEX
2023-11-28,1088.6,1095.43,1076.45,1095.43,593255200,VNINDEX
2023-11-29,1097.28,1105.28,1096.33,1102.8,562813100,VNINDEX
2023-11-30,1101.75,1107.45,1094.13,1094.13,659979598,VNINDEX
